file,label,url,status
data/raw/regulations_pdf/hướng_dẫn_triển_khai_dạy_và_học_qua_mạng/53_qd_dhcntt_19_2_2019scan.pdf,Qui chế về công tác giáo trình,https://daa.uit.edu.vn/sites/daa/files/uploads/53_qd_dhcntt_19_2_2019scan.pdf,skipped
data/raw/regulations_pdf/01_quyết_định_về_việc_ban_hành_quy_chế/790-qd-dhcntt_28-9-22_quy_che_dao_tao.pdf,790-qd-dhcntt_28-9-22_quy_che_dao_tao.pdf,https://student.uit.edu.vn/sites/daa/files/202309/790-qd-dhcntt_28-9-22_quy_che_dao_tao.pdf,skipped
data/raw/regulations_pdf/01_quyết_định_về_việc_ban_hành_quy_chế/1393-qd-dhcntt_29-12-2023_cap_nhat_quy_che_dao_tao_theo_hoc_che_tin_chi_cho_he_d.pdf,1393-qd-dhcntt_29-12-2023_cap_nhat_quy_che_dao_tao_theo_hoc_che_tin_chi_cho_he_dai_hoc_chinh_quy.pdf,https://student.uit.edu.vn/sites/daa/files/202401/1393-qd-dhcntt_29-12-2023_cap_nhat_quy_che_dao_tao_theo_hoc_che_tin_chi_cho_he_dai_hoc_chinh_quy.pdf,skipped
data/raw/regulations_pdf/02_quyết_định_về_việc_ban_hành_qui_định/53_qd_dhcntt_19_2_2019_quy_che_cong_tac_giao_trinh.pdf,53_qd_dhcntt_19_2_2019_quy_che_cong_tac_giao_trinh.pdf,https://student.uit.edu.vn/sites/daa/files/202310/53_qd_dhcntt_19_2_2019_quy_che_cong_tac_giao_trinh.pdf,skipped
data/raw/regulations_pdf/03_quyết_định_về_việc_ban_hành_quy_chế/172-qd-dhcntt_08-3-2023_quy_che_van_bang_chung_chi.pdf,172-qd-dhcntt_08-3-2023_quy_che_van_bang_chung_chi.pdf,https://student.uit.edu.vn/sites/daa/files/202309/172-qd-dhcntt_08-3-2023_quy_che_van_bang_chung_chi.pdf,skipped
data/raw/regulations_pdf/03_quyết_định_về_việc_ban_hành_quy_chế/1192-tb-dhcntt_25-10-2024_tu_ngu_su_dung_in_tren_plvb_bd_gxn_0.pdf,1192-tb-dhcntt_25-10-2024_tu_ngu_su_dung_in_tren_plvb_bd_gxn.pdf,https://student.uit.edu.vn/sites/daa/files/202412/1192-tb-dhcntt_25-10-2024_tu_ngu_su_dung_in_tren_plvb_bd_gxn_0.pdf,skipped
data/raw/regulations_pdf/03_quyết_định_về_việc_ban_hành_quy_chế/133-qd-dhcntt_17-02-2025_cap_nhat_bo_sung_mau_plvb_tot_nghiep_dh_ths.pdf,133-qd-dhcntt_17-02-2025_cap_nhat_bo_sung_mau_plvb_tot_nghiep_dh_ths.pdf,https://student.uit.edu.vn/sites/daa/files/202502/133-qd-dhcntt_17-02-2025_cap_nhat_bo_sung_mau_plvb_tot_nghiep_dh_ths.pdf,skipped
data/raw/regulations_pdf/04_quyết_định_về_việc_ban_hành_quy_định/131_qd-dhcntt_08-03-2022_quy_dinh_dao_tao_chuong_trinh_tai_nang.pdf,131_qd-dhcntt_08-03-2022_quy_dinh_dao_tao_chuong_trinh_tai_nang.pdf,https://student.uit.edu.vn/sites/daa/files/202512/131_qd-dhcntt_08-03-2022_quy_dinh_dao_tao_chuong_trinh_tai_nang.pdf,skipped
data/raw/regulations_pdf/04_quyết_định_về_việc_ban_hành_quy_định/1032-qd-dhcntt_3-9-2025_quy_dinh_dao_tao_chuong_trinh_tai_nang.pdf,1032-qd-dhcntt_3-9-2025_quy_dinh_dao_tao_chuong_trinh_tai_nang.pdf,https://student.uit.edu.vn/sites/daa/files/202512/1032-qd-dhcntt_3-9-2025_quy_dinh_dao_tao_chuong_trinh_tai_nang.pdf,skipped
data/raw/regulations_pdf/05_quy_định_đào_tạo_ngoại_ngữ_đối_với_h/147-qd-dhcntt-dtdh_31-07-2013_quyet_dinh_ve_viec_ban_hanh_chuan_dau_ra_tieng_anh.pdf,147-qd-dhcntt-dtdh_31-07-2013_quyet_dinh_ve_viec_ban_hanh_chuan_dau_ra_tieng_anh_cho_sv_he_cq_2006-2014_0.pdf,https://student.uit.edu.vn/sites/daa/files/202310/147-qd-dhcntt-dtdh_31-07-2013_quyet_dinh_ve_viec_ban_hanh_chuan_dau_ra_tieng_anh_cho_sv_he_cq_2006-2014_0_0.pdf,skipped
data/raw/regulations_pdf/05_quy_định_đào_tạo_ngoại_ngữ_đối_với_h/125-qd-dhcntt-dtdh_18-09-2015_quyet_dinh_ban_hanh_qui_dinh_tam_thoi_day_va_hoc_t.pdf,125-qd-dhcntt-dtdh_18-09-2015_quyet_dinh_ban_hanh_qui_dinh_tam_thoi_day_va_hoc_tieng_anh_khoa_2015.pdf,https://student.uit.edu.vn/sites/daa/files/202310/125-qd-dhcntt-dtdh_18-09-2015_quyet_dinh_ban_hanh_qui_dinh_tam_thoi_day_va_hoc_tieng_anh_khoa_2015_0.pdf,skipped
data/raw/regulations_pdf/05_quy_định_đào_tạo_ngoại_ngữ_đối_với_h/128-qd-dhcntt-dtdh_30-8-2016_ban_hanh_qd_day_va_hoc_nn_doi_voi_he_dai_hoc_cq_cua.pdf,128-qd-dhcntt-dtdh_30-8-2016_ban_hanh_qd_day_va_hoc_nn_doi_voi_he_dai_hoc_cq_cua_truong_dhcntt_khoa_2016.pdf,https://student.uit.edu.vn/sites/daa/files/202310/128-qd-dhcntt-dtdh_30-8-2016_ban_hanh_qd_day_va_hoc_nn_doi_voi_he_dai_hoc_cq_cua_truong_dhcntt_khoa_2016.pdf,skipped
data/raw/regulations_pdf/05_quy_định_đào_tạo_ngoại_ngữ_đối_với_h/141-qd-dhcntt16-3-2018quy_dinh_dao_tao_ngoai_ngu_doi_voi_he_dh_chinh_quy_cua_tru.pdf,141-qd-dhcntt16-3-2018quy_dinh_dao_tao_ngoai_ngu_doi_voi_he_dh_chinh_quy_cua_truong_dhcntt_ap_dung_tu_khoa_2017.pdf,https://student.uit.edu.vn/sites/daa/files/202310/141-qd-dhcntt16-3-2018quy_dinh_dao_tao_ngoai_ngu_doi_voi_he_dh_chinh_quy_cua_truong_dhcntt_ap_dung_tu_khoa_2017_0.pdf,skipped
data/raw/regulations_pdf/05_quy_định_đào_tạo_ngoại_ngữ_đối_với_h/108-qd-dhcntt15-3-2019_sua_doi_bo_sung_quy_dinh_dao_tao_ngoai_ngu_doi_voi_he_dh_.pdf,108-qd-dhcntt15-3-2019_sua_doi_bo_sung_quy_dinh_dao_tao_ngoai_ngu_doi_voi_he_dh_chinh_quy_qui_dinh_141.pdf,https://student.uit.edu.vn/sites/daa/files/202310/108-qd-dhcntt15-3-2019_sua_doi_bo_sung_quy_dinh_dao_tao_ngoai_ngu_doi_voi_he_dh_chinh_quy_qui_dinh_141_0.pdf,skipped
data/raw/regulations_pdf/05_quy_định_đào_tạo_ngoại_ngữ_đối_với_h/35-tb-dhcntt_21-5-2019_cong_nhan_chung_chi_tieng_nhat_nat-test_cho_chuan_qua_tri.pdf,35-tb-dhcntt_21-5-2019_cong_nhan_chung_chi_tieng_nhat_nat-test_cho_chuan_qua_trinh_0.pdf,https://student.uit.edu.vn/sites/daa/files/202310/35-tb-dhcntt_21-5-2019_cong_nhan_chung_chi_tieng_nhat_nat-test_cho_chuan_qua_trinh_0_0.pdf,skipped
data/raw/regulations_pdf/05_quy_định_đào_tạo_ngoại_ngữ_đối_với_h/547-qd-dhcntt_30-8-2019_qui_dinh_dao_tao_ngoai_ngu_doi_voi_he_chinh_qui_khoa_201.pdf,547-qd-dhcntt_30-8-2019_qui_dinh_dao_tao_ngoai_ngu_doi_voi_he_chinh_qui_khoa_2019_0.pdf,https://student.uit.edu.vn/sites/daa/files/202310/547-qd-dhcntt_30-8-2019_qui_dinh_dao_tao_ngoai_ngu_doi_voi_he_chinh_qui_khoa_2019_0_0.pdf,skipped
data/raw/regulations_pdf/05_quy_định_đào_tạo_ngoại_ngữ_đối_với_h/101-tb-dhcntt_29-12-2021_thong_bao_su_dung_ket_qua_thi_vpet_0_0.pdf,101-tb-dhcntt_29-12-2021_thong_bao_su_dung_ket_qua_thi_vpet_0.pdf,https://student.uit.edu.vn/sites/daa/files/202310/101-tb-dhcntt_29-12-2021_thong_bao_su_dung_ket_qua_thi_vpet_0_0.pdf,skipped
data/raw/regulations_pdf/05_quy_định_đào_tạo_ngoại_ngữ_đối_với_h/119-tb-dhcntt_19-9-2022_thong_bao_ngung_su_dung_chung_chi_vpet_toeic_bach_khoa_v.pdf,119-tb-dhcntt_19-9-2022_thong_bao_ngung_su_dung_chung_chi_vpet_toeic_bach_khoa_va_phoi_van_bang_moi_0.pdf,https://student.uit.edu.vn/sites/daa/files/202310/119-tb-dhcntt_19-9-2022_thong_bao_ngung_su_dung_chung_chi_vpet_toeic_bach_khoa_va_phoi_van_bang_moi_0_0.pdf,skipped
data/raw/regulations_pdf/05_quy_định_đào_tạo_ngoại_ngữ_đối_với_h/828_qd-dhcntt_04-10-2022_quy_dinh_dao_tao_ngoai_ngu_doi_voi_he_chinh_qui_khoa_20.pdf,828_qd-dhcntt_04-10-2022_quy_dinh_dao_tao_ngoai_ngu_doi_voi_he_chinh_qui_khoa_2022_0.pdf,https://student.uit.edu.vn/sites/daa/files/202310/828_qd-dhcntt_04-10-2022_quy_dinh_dao_tao_ngoai_ngu_doi_voi_he_chinh_qui_khoa_2022_0_0.pdf,skipped
data/raw/regulations_pdf/05_quy_định_đào_tạo_ngoại_ngữ_đối_với_h/153-tb-dhcntt13-12-2022_ngung_su_dung_ket_qua_bai_thi_nn_qt_ielts_indicator_va_t.pdf,153-tb-dhcntt13-12-2022_ngung_su_dung_ket_qua_bai_thi_nn_qt_ielts_indicator_va_toefl_ibt_home_edition.pdf,https://student.uit.edu.vn/sites/daa/files/202310/153-tb-dhcntt13-12-2022_ngung_su_dung_ket_qua_bai_thi_nn_qt_ielts_indicator_va_toefl_ibt_home_edition_0.pdf,skipped
data/raw/regulations_pdf/05_quy_định_đào_tạo_ngoại_ngữ_đối_với_h/364-qd-dhcntt_22-04-2024_sua_doi_quy_dinh_dao_tao_ngoai_ngu.pdf,364-qd-dhcntt_22-04-2024_sua_doi_quy_dinh_dao_tao_ngoai_ngu.pdf,https://student.uit.edu.vn/sites/daa/files/202404/364-qd-dhcntt_22-04-2024_sua_doi_quy_dinh_dao_tao_ngoai_ngu.pdf,skipped
data/raw/regulations_pdf/05_quy_định_đào_tạo_ngoại_ngữ_đối_với_h/560-qd-dhcntt_5-6-2024_sua_doi_quy_dinh_dao_tao_ngoai_ngu_doi_voi_he_dai_hoc_chi.pdf,560-qd-dhcntt_5-6-2024_sua_doi_quy_dinh_dao_tao_ngoai_ngu_doi_voi_he_dai_hoc_chinh_quy.pdf,https://student.uit.edu.vn/sites/daa/files/202406/560-qd-dhcntt_5-6-2024_sua_doi_quy_dinh_dao_tao_ngoai_ngu_doi_voi_he_dai_hoc_chinh_quy.pdf,skipped
data/raw/regulations_pdf/06_quyết_định_về_việc_ban_hành_quy_định/159-qd-dhcntt_05-03-2024_ban_hanh_quy_dinh_kltn.pdf,159-qd-dhcntt_05-03-2024_ban_hanh_quy_dinh_kltn.pdf,https://student.uit.edu.vn/sites/daa/files/202410/159-qd-dhcntt_05-03-2024_ban_hanh_quy_dinh_kltn.pdf,skipped
data/raw/regulations_pdf/07_quyết_định_về_việc_ban_hành_quy_định/1139_qd-dhcntt_20-12-2022_to_chuc_thi_cac_mon_hoc_he_dai_hoc_chinh_quy.pdf,1139_qd-dhcntt_20-12-2022_to_chuc_thi_cac_mon_hoc_he_dai_hoc_chinh_quy.pdf,https://student.uit.edu.vn/sites/daa/files/202309/1139_qd-dhcntt_20-12-2022_to_chuc_thi_cac_mon_hoc_he_dai_hoc_chinh_quy.pdf,skipped
data/raw/regulations_pdf/07_quyết_định_về_việc_ban_hành_quy_định/1376_qd-dhcntt_28-12-2023_cap_nhat_quy_dinh_to_chuc_thi.pdf,1376_qd-dhcntt_28-12-2023_cap_nhat_quy_dinh_to_chuc_thi.pdf,https://student.uit.edu.vn/sites/daa/files/202312/1376_qd-dhcntt_28-12-2023_cap_nhat_quy_dinh_to_chuc_thi.pdf,skipped
data/raw/regulations_pdf/08_quyết_định_về_việc_ban_hành_quy_trìn/35-qd-dhcntt-dtdh_28-02-2013_quyet_dinh_ve_viec_ban_hanh_quy_trinh_bao_nghi_day_.pdf,35-qd-dhcntt-dtdh_28-02-2013_quyet_dinh_ve_viec_ban_hanh_quy_trinh_bao_nghi_day_day_bu.pdf,https://student.uit.edu.vn/sites/daa/files/202309/35-qd-dhcntt-dtdh_28-02-2013_quyet_dinh_ve_viec_ban_hanh_quy_trinh_bao_nghi_day_day_bu.pdf,skipped
data/raw/regulations_pdf/09_quyết_định_về_việc_ban_hành_quy_chế/507-qd-dhcntt-27-5-2024_quy_che_dao_tao_cho_sinh_vien.pdf,507-qd-dhcntt-27-5-2024_quy_che_dao_tao_cho_sinh_vien.pdf,https://student.uit.edu.vn/sites/daa/files/202412/507-qd-dhcntt-27-5-2024_quy_che_dao_tao_cho_sinh_vien.pdf,skipped
data/raw/regulations_pdf/10_quyết_định_về_việc_ban_hành_quy_trìn/185-qd-dhcntt_30-3-2018_quyet_dinh_ve_viec_ban_hanh_quy_trinh_danh_gia_cap_nhat_.pdf,185-qd-dhcntt_30-3-2018_quyet_dinh_ve_viec_ban_hanh_quy_trinh_danh_gia_cap_nhat_ctdt_trinh_do_dhsdh.pdf,https://student.uit.edu.vn/sites/daa/files/202309/185-qd-dhcntt_30-3-2018_quyet_dinh_ve_viec_ban_hanh_quy_trinh_danh_gia_cap_nhat_ctdt_trinh_do_dhsdh.pdf,skipped
data/raw/regulations_pdf/11_quyết_định_về_việc_ban_hành_quy_định/1021-qd-dhcntt4-10-2023_quyet_dinh_mo_nganh.pdf,1021-qd-dhcntt4-10-2023_quyet_dinh_mo_nganh.pdf,https://student.uit.edu.vn/sites/daa/files/202310/1021-qd-dhcntt4-10-2023_quyet_dinh_mo_nganh.pdf,skipped
data/raw/regulations_pdf/12_quyết_định_về_việc_ban_hành_quy_định/435-qd-dhcntt_07-07-2021_quy_dinh_dao_tao_chuong_trinh_chat_luong_cao.pdf,435-qd-dhcntt_07-07-2021_quy_dinh_dao_tao_chuong_trinh_chat_luong_cao.pdf,https://student.uit.edu.vn/sites/daa/files/202309/435-qd-dhcntt_07-07-2021_quy_dinh_dao_tao_chuong_trinh_chat_luong_cao.pdf,skipped
data/raw/regulations_pdf/16_thời_điểm_và_mức_thu_học_phí_gia_hạn/43-tb-dhcntt-23-06-2020_thoi_diem_va_muc_thu_hoc_phi_gia_han_doi_voi_sv_he_dai_h.pdf,43-tb-dhcntt-23-06-2020_thoi_diem_va_muc_thu_hoc_phi_gia_han_doi_voi_sv_he_dai_hoc_chinh_quy.pdf,https://student.uit.edu.vn/sites/daa/files/202309/43-tb-dhcntt-23-06-2020_thoi_diem_va_muc_thu_hoc_phi_gia_han_doi_voi_sv_he_dai_hoc_chinh_quy.pdf,skipped
data/raw/regulations_pdf/17_quy_định_về_chính_sách_hỗ_trợ_công_b/547-qd-dhcntt_1-6-23_ban_hanh_chinh_sach_ho_tro_cong_bo_khoa_hoc_danh_cho_sv_cao.pdf,547-qd-dhcntt_1-6-23_ban_hanh_chinh_sach_ho_tro_cong_bo_khoa_hoc_danh_cho_sv_cao_hoc_ncs.pdf,https://student.uit.edu.vn/sites/daa/files/202308/547-qd-dhcntt_1-6-23_ban_hanh_chinh_sach_ho_tro_cong_bo_khoa_hoc_danh_cho_sv_cao_hoc_ncs.pdf,skipped
data/raw/regulations_pdf/18_quy_trình_phân_công_cán_bộ_coi_thi_c/672-qd-dhcntt_15-10-2020_quy_trinh_phan_cong_cbct.pdf,672-qd-dhcntt_15-10-2020_quy_trinh_phan_cong_cbct.pdf,https://student.uit.edu.vn/sites/daa/files/202309/672-qd-dhcntt_15-10-2020_quy_trinh_phan_cong_cbct.pdf,skipped
data/raw/regulations_pdf/18_quy_trình_phân_công_cán_bộ_coi_thi_c/936_qd-dhcntt_13-9-2023_sua_doi_quy_trinh_phan_cong_can_bo_coi_thi.pdf,936_qd-dhcntt_13-9-2023_sua_doi_quy_trinh_phan_cong_can_bo_coi_thi.pdf,https://student.uit.edu.vn/sites/daa/files/202309/936_qd-dhcntt_13-9-2023_sua_doi_quy_trinh_phan_cong_can_bo_coi_thi.pdf,skipped
data/raw/regulations_pdf/19_quy_trình_nộp_khoá_luận_tốt_nghiệp_s/583-qd-dhcntt_12-6-2023_ban_hanh_quy_trinh_nop_kltn_sau_khi_bao_ve_truoc_hoi_don.pdf,583-qd-dhcntt_12-6-2023_ban_hanh_quy_trinh_nop_kltn_sau_khi_bao_ve_truoc_hoi_dong_bao_ve_kltn.pdf,https://student.uit.edu.vn/sites/daa/files/202309/583-qd-dhcntt_12-6-2023_ban_hanh_quy_trinh_nop_kltn_sau_khi_bao_ve_truoc_hoi_dong_bao_ve_kltn.pdf,skipped
data/raw/regulations_pdf/20_quy_định_chương_trình_tiên_tiến/434-qd-dhcntt07-07-2021_quy_dinh_dao_tao_chuong_trinh_tien_tien.pdf,434-qd-dhcntt07-07-2021_quy_dinh_dao_tao_chuong_trinh_tien_tien.pdf,https://student.uit.edu.vn/sites/daa/files/202512/434-qd-dhcntt07-07-2021_quy_dinh_dao_tao_chuong_trinh_tien_tien.pdf,skipped
data/raw/regulations_pdf/20_quy_định_chương_trình_tiên_tiến/1451-qd-dhcntt_26-11-2025_quy_dinh_dao_tao_chuong_trinh_tien_tien.pdf,1451-qd-dhcntt_26-11-2025_quy_dinh_dao_tao_chuong_trinh_tien_tien.pdf,https://student.uit.edu.vn/sites/daa/files/202512/1451-qd-dhcntt_26-11-2025_quy_dinh_dao_tao_chuong_trinh_tien_tien.pdf,skipped
data/raw/regulations_pdf/21_hướng_dẫn_thang_phân_loại_nhận_thức/123-qd-dhcntt_ban_hanh_huong_dan_thang_phan_loai_nhan_thuc_ky_nang_thai_do.pdf,123-qd-dhcntt_ban_hanh_huong_dan_thang_phan_loai_nhan_thuc_ky_nang_thai_do.pdf,https://student.uit.edu.vn/sites/daa/files/202309/123-qd-dhcntt_ban_hanh_huong_dan_thang_phan_loai_nhan_thuc_ky_nang_thai_do.pdf,skipped
data/raw/regulations_pdf/22_quy_định_về_việc_tổ_chức_dạy_học_n/333-qd-dhcntt_18-5-2022_quy_dinh_ve_viec_to_chuc_day-hoc_ngoai_gio_hanh_chinh_do.pdf,333-qd-dhcntt_18-5-2022_quy_dinh_ve_viec_to_chuc_day-hoc_ngoai_gio_hanh_chinh_doi_voi_cac_hoc_phan_trong_ctdt_cq.pdf,https://student.uit.edu.vn/sites/daa/files/202309/333-qd-dhcntt_18-5-2022_quy_dinh_ve_viec_to_chuc_day-hoc_ngoai_gio_hanh_chinh_doi_voi_cac_hoc_phan_trong_ctdt_cq.pdf,skipped
data/raw/regulations_pdf/23_quy_định_tạm_thời_về_đào_tạo_liên_th/335-qd-dhcntt_19-5-2022_quy_dinh_tam_thoi_ve_dao_tao_lien_thong_tu_trinh_do_dai_.pdf,335-qd-dhcntt_19-5-2022_quy_dinh_tam_thoi_ve_dao_tao_lien_thong_tu_trinh_do_dai_hoc_len_trinh_do_thc_si_he_chinh_quy.pdf,https://student.uit.edu.vn/sites/daa/files/202309/335-qd-dhcntt_19-5-2022_quy_dinh_tam_thoi_ve_dao_tao_lien_thong_tu_trinh_do_dai_hoc_len_trinh_do_thc_si_he_chinh_quy.pdf,skipped
data/raw/regulations_pdf/24_quyết_định_về_việc_ban_hành_quy_định/196-qd-dhcntt_16-3-2023_quy_dinh_day_va_hoc_theo_phuong_thuc_truc_tuyen_va_phuon.pdf,196-qd-dhcntt_16-3-2023_quy_dinh_day_va_hoc_theo_phuong_thuc_truc_tuyen_va_phuong_thuc_ket_hop.pdf,https://student.uit.edu.vn/sites/daa/files/202309/196-qd-dhcntt_16-3-2023_quy_dinh_day_va_hoc_theo_phuong_thuc_truc_tuyen_va_phuong_thuc_ket_hop.pdf,skipped
data/raw/regulations_pdf/25_quy_định_tổ_chức_đánh_giá_kết_quả_họ/1141-qd-dhcntt_7-11-2023_quy_dinh_to_chuc_danh_gia_ket_qua_hoc_tap_theo_hinh_thu.pdf,1141-qd-dhcntt_7-11-2023_quy_dinh_to_chuc_danh_gia_ket_qua_hoc_tap_theo_hinh_thuc_truc_tuyen.pdf,https://student.uit.edu.vn/sites/daa/files/202311/1141-qd-dhcntt_7-11-2023_quy_dinh_to_chuc_danh_gia_ket_qua_hoc_tap_theo_hinh_thuc_truc_tuyen.pdf,skipped
data/raw/regulations_pdf/26_quy_định_mời_giảng_viên_thỉnh_giảng/1187-qd-dhcntt_23-11-2023.pdf,1187-qd-dhcntt_23-11-2023.pdf,https://student.uit.edu.vn/sites/daa/files/202311/1187-qd-dhcntt_23-11-2023.pdf,skipped
data/raw/regulations_pdf/27_hướng_dẫn_đăng_ký_học_phần_cho_sinh/dkhp_doc_0.pdf,dkhp_doc.pdf,https://student.uit.edu.vn/sites/daa/files/202312/dkhp_doc_0.pdf,skipped
data/raw/regulations_pdf/28_quy_định_đào_tạo_song_ngành_trình_độ/112-qd-dhcntt_01-02-2024_quy_dinh_dao_tao_song_nganh_trinh_do_dai_hoc_he_chinh_q.pdf,112-qd-dhcntt_01-02-2024_quy_dinh_dao_tao_song_nganh_trinh_do_dai_hoc_he_chinh_quy.pdf,https://student.uit.edu.vn/sites/daa/files/202402/112-qd-dhcntt_01-02-2024_quy_dinh_dao_tao_song_nganh_trinh_do_dai_hoc_he_chinh_quy.pdf,skipped
data/raw/regulations_pdf/29_quy_định_về_đồ_án_tốt_nghiệp_tại_doa/697-qd-dhcntt_12-7-2024_quy_dinh_do_an_tot_nghiep_tai_doanh_nghiep.pdf,697-qd-dhcntt_12-7-2024_quy_dinh_do_an_tot_nghiep_tai_doanh_nghiep.pdf,https://student.uit.edu.vn/sites/daa/files/202407/697-qd-dhcntt_12-7-2024_quy_dinh_do_an_tot_nghiep_tai_doanh_nghiep.pdf,skipped
data/raw/regulations_pdf/30_hướng_dẫn_chuyển_đổi_hệ_thống_tín_ch/01-hd-dhcntt_huong_dan_ects.pdf,01-hd-dhcntt_huong_dan_ects.pdf,https://student.uit.edu.vn/sites/daa/files/202406/01-hd-dhcntt_huong_dan_ects.pdf,skipped
data/raw/regulations_pdf/31_quy_chế_tuyển_sinh_đại_học_chính_quy/354-qd-dhcntt_19-4-2023-quychets.pdf,354-qd-dhcntt_19-4-2023-quychets.pdf,https://student.uit.edu.vn/sites/daa/files/202408/354-qd-dhcntt_19-4-2023-quychets.pdf,skipped
data/raw/regulations_pdf/31_quy_chế_tuyển_sinh_đại_học_chính_quy/308-qd-dhcntt21-3-2025.pdf,308-qd-dhcntt21-3-2025.pdf,https://student.uit.edu.vn/sites/daa/files/202511/308-qd-dhcntt21-3-2025.pdf,skipped
data/raw/regulations_pdf/32_quy_trình_cảnh_báo_sinh_viên_hệ_đại/832_qd-dhcntt12-8-2024.pdf,832_qd-dhcntt12-8-2024.pdf,https://student.uit.edu.vn/sites/daa/files/202409/832_qd-dhcntt12-8-2024.pdf,skipped
data/raw/regulations_pdf/33_quy_chế_tuyển_sinh_hình_thức_đào_tạo/213-qd-dhcntt_19-3-2024_pdf.pdf,213-qd-dhcntt_19-3-2024_pdf.pdf,https://student.uit.edu.vn/sites/daa/files/202410/213-qd-dhcntt_19-3-2024_pdf.pdf,skipped
data/raw/regulations_pdf/34_quy_trình_chuyển_sinh_viên_từ_hình_t/1499-qd-dhcntt-10-12-2024.pdf,1499-qd-dhcntt-10-12-2024.pdf,https://student.uit.edu.vn/sites/daa/files/202412/1499-qd-dhcntt-10-12-2024.pdf,skipped
data/raw/regulations_pdf/35_quy_trình_công_nhận_tín_chỉ_trong_đà/412-qd-dhcntt_27-03-2025_quy_trinh_cong_nhan_tin_chi_trong_dao_tao_dai_hoc.pdf,412-qd-dhcntt_27-03-2025_quy_trinh_cong_nhan_tin_chi_trong_dao_tao_dai_hoc.pdf,https://student.uit.edu.vn/sites/daa/files/202503/412-qd-dhcntt_27-03-2025_quy_trinh_cong_nhan_tin_chi_trong_dao_tao_dai_hoc.pdf,skipped
data/raw/regulations_pdf/35_quy_trình_công_nhận_tín_chỉ_trong_đà/mau_don.pdf,mau_don.pdf,https://student.uit.edu.vn/sites/daa/files/202503/mau_don.pdf,skipped
data/raw/regulations_pdf/35_quy_trình_công_nhận_tín_chỉ_trong_đà/513-qd-dhcntt_08-05-2026_sua_doi_bo_sung_quy_dinh_cong_nhan_tin_chi_trong_dao_ta.pdf,513-qd-dhcntt_08-05-2026_sua_doi_bo_sung_quy_dinh_cong_nhan_tin_chi_trong_dao_tao.pdf,https://student.uit.edu.vn/sites/daa/files/202605/513-qd-dhcntt_08-05-2026_sua_doi_bo_sung_quy_dinh_cong_nhan_tin_chi_trong_dao_tao.pdf,skipped
data/raw/regulations_pdf/36_quy_định_về_đồ_án_tốt_nghiệp/277-qd-dhcntt_21-03-2025.pdf,277-qd-dhcntt_21-03-2025.pdf,https://student.uit.edu.vn/sites/daa/files/202504/277-qd-dhcntt_21-03-2025.pdf,skipped
data/raw/regulations_pdf/37_ban_hành_quy_định_tổ_chức_quản_lý_c/451-qd-dhcntt_10-04-2025.pdf,451-qd-dhcntt_10-04-2025.pdf,https://student.uit.edu.vn/sites/daa/files/202504/451-qd-dhcntt_10-04-2025.pdf,skipped
data/raw/regulations_pdf/38_quy_trình_xử_lý_học_vụ_sinh_viên_đại/803-qd-dhcntt_11-07-2025_quy_trinh_xlhv.pdf,803-qd-dhcntt_11-07-2025_quy_trinh_xlhv.pdf,https://student.uit.edu.vn/sites/daa/files/202507/803-qd-dhcntt_11-07-2025_quy_trinh_xlhv.pdf,skipped
data/raw/regulations_pdf/40_quy_định_về_tổ_chức_thi_trên_máy_tín/135-qd-dhcntt_10-02-2026_quy_dinh_ve_to_chuc_thi_tren_may_tinh_0.pdf,135-qd-dhcntt_10-02-2026_quy_dinh_ve_to_chuc_thi_tren_may_tinh.pdf,https://student.uit.edu.vn/sites/daa/files/202602/135-qd-dhcntt_10-02-2026_quy_dinh_ve_to_chuc_thi_tren_may_tinh_0.pdf,skipped
data/raw/regulations_pdf/hướng_dẫn_đăng_ký_học_phần/dkhp_doc_0.pdf,dkhp_doc.pdf,https://daa.uit.edu.vn/sites/daa/files/202312/dkhp_doc_0.pdf,skipped
data/raw/regulations_pdf/quy_trình_tạm_thời_về_tổ_chức_tuyển_sinh/145_QD_DHCNTT_DTDH%2C31_7_2013.pdf,"145_QD_DHCNTT_DTDH,31_7_2013.pdf",https://student.uit.edu.vn/sites/daa/files/201311/145_QD_DHCNTT_DTDH%2C31_7_2013.pdf,skipped
data/raw/regulations_pdf/quy_trình_báo_nghỉ_dạy_bù_của_giảng_vi/Q%C3%90%20BAN%20HANH%20QUY%20TRINH%20BAO%20NGHI-DAY%20BU.pdf,QÐ BAN HANH QUY TRINH BAO NGHI-DAY BU.pdf,https://student.uit.edu.vn/sites/daa/files/201304/Q%C3%90%20BAN%20HANH%20QUY%20TRINH%20BAO%20NGHI-DAY%20BU.pdf,skipped
data/raw/regulations_pdf/quy_trình_báo_nghỉ_dạy_bù_của_giảng_vi/UIT_Quy%20trinh%20bao%20nghi%2C%20bao%20bu%20gio.pdf,"UIT_Quy trinh bao nghi, bao bu gio.pdf",https://student.uit.edu.vn/sites/daa/files/201304/UIT_Quy%20trinh%20bao%20nghi%2C%20bao%20bu%20gio.pdf,skipped
data/raw/regulations_pdf/quy_trình_báo_nghỉ_dạy_bù_của_giảng_vi/Phieu%20bao%20nghi.pdf,Phieu bao nghi.pdf,https://student.uit.edu.vn/sites/daa/files/201304/Phieu%20bao%20nghi.pdf,skipped
data/raw/regulations_pdf/quy_trình_báo_nghỉ_dạy_bù_của_giảng_vi/Phieu%20bao%20bu%20gio.pdf,Phieu bao bu gio.pdf,https://student.uit.edu.vn/sites/daa/files/201304/Phieu%20bao%20bu%20gio.pdf,skipped
