stt,course_id,name_vi,name_en,is_open,managed_by,course_type,old_code,equivalent_ids,prerequisite_ids,prior_ids,credits_lt,credits_th
1,ACCT3603,Hệ thống thông tin kế toán,Accounting Information Systems,,HTTT,CN,,,,,3,0
2,ACCT5123,Hoạch định nguồn lực doanh nghiệp,Enterprise Resource Planning,,HTTT,CSN,,,,,3,0
3,ADENG1,Tiếng Anh tăng cường 1,Intensive English 1,,HTTT,ĐC,ENG11,ENG04,,,0,0
4,ADENG2,Tiếng Anh tăng cường 2,Intensive English 2,,HTTT,ĐC,ENG12,,,,0,0
5,ADENG3,Tiếng Anh tăng cường 3,Intensive English 3,,HTTT,ĐC,,ENG05,ADENG2,,0,0
6,ADENG4,Tiếng Anh tăng cường 4,Intensive English 4,,HTTT,ĐC,,ENG03,ADENG3,,0,0
7,AI001,Giới thiệu ngành Trí tuệ nhân tạo,Introduction to Artificial Intelligence,,KHMT,ĐC,,CS005IE005IS005SE005CE005NT005NT015EC005DS005,,,1,0
8,AI002,Tư duy Trí tuệ nhân tạo,Artificial Intelligence Thinking,,KHMT,CSN,,,,,3,1
9,AI301,Khởi nghiệp và sáng tạo,Entrepreneurship and Innovation,,KHMT,CN,,,,,2,0
10,AI302,Kỹ thuật viết báo cáo và trình bày,Technical Report Writing and Presentation Skills,,KHMT,CN,,,,,2,0
11,AI503,Đồ án tốt nghiệp,Capstone Project,,KHMT,TN,,,,,6,0
12,AI504,Đồ án tốt nghiệp tại doanh nghiệp,Industry Capstone Project,,KHMT,TN,,,,,10,0
13,AI505,Khoá luận tốt nghiệp,Thesis,,KHMT,KLTN,,,,,10,0
14,BCH058,Kỹ năng truyền thông giao tiếp,Communications Techniques,,PĐTĐH,CN,,,,,1,1
15,BOQC1,Nhập môn máy tính lượng tử,Basics of Quantum Computing,,BMTL,BT,,,,,0,0
16,BUS1125,Khởi nghiệp kinh doanh,Entrepreneurship,,PĐTĐH,CN,,,,,2,1
17,CARC1,Kiến trúc máy tính,Computer Architecture,,KTMT,ĐC,,IT006,,,3,0
18,CE005,Giới thiệu ngành Kỹ Thuật Máy tính,Introduction to Computer Engineering,,KTMT,ĐC,,CS005IE005IS005SE005NT005NT015EC005DS005AI001,,,1,0
19,CE006,Giới thiệu ngành Thiết kế vi mạch,Introduction to Integrated Circuit Design,,KTMT,ĐC,,,,,1,0
20,CE101,Lý thuyết mạch điện,Theory of electrical circuits,,KTMT,CSN,,CE121,,,4,0
21,CE102,Hệ thống số,Digital systems,,KTMT,CN,,PH002,,,3,1
22,CE103,Vi xử lý-vi điều khiển,Microprocessors and Microcontrollers,,KTMT,CSN,,,,IT006,3,1
23,CE104,Các thiết bị và mạch điện tử,Electronic devices and circuits,,KTMT,CSN,,,,PH001CE101,3,0
24,CE105,Xử lý tín hiệu số,Digital Signal Processing,,KTMT,CSN,CE205,CE205,,MA001MA002MA003,3,1
25,CE106,Thiết kế vi mạch với HDL,Digital Circuit Design with HDL,,KTMT,CN,,CE221,,,3,1
26,CE107,Hệ thống nhúng,Embedded systems,,KTMT,CSN,,CE224,,IT001IT006CE103,3,1
27,CE108,Hệ điều hành nâng cao,Advanced operating systems,,KTMT,CN,,,,,3,0
28,CE109,Lập trình nhúng căn bản,Introduction to embedded-system programming,,KTMT,CN,,CE211,,,2,1
29,CE110,Lập trình hệ thống với Java,System Programming with Java,,KTMT,CN,,CE315,,,3,1
30,CE111,Kiến trúc máy tính nâng cao,Advanced computer architecture,,KTMT,CĐTN,,,,IT006,2,1
31,CE112,Đồ án môn học thiết kế mạch,Circuit design project,,KTMT,ĐA,,CE201,,,0,2
32,CE113,Điều khiển tự động,Automatic Control,,KTMT,CN,,CE212,,,3,0
33,CE114,Lập trình trên thiết bị di động,Mobile device application development,,KTMT,CN,,NT118,,,2,1
34,CE115,Thiết kế mạng,Network design,,KTMT,CN,,NT113,,,3,1
35,CE116,Đồ án môn học ngành KTMT,Information engineering project,,KTMT,ĐA,,CE206,,,0,2
36,CE117,Thực hành điện- điện tử,Basic electrical and electronic laboratory,,KTMT,CSN,,,,PH001CE101,0,1
37,CE118,Thiết kế luận lý số,Digital Logic Design,,KTMT,CSN,,,,PH002,3,1
38,CE119,Thực hành kiến trúc máy tính,Computer Architecture Laboratory,,KTMT,CSN,,,,PH002,0,1
39,CE121,Lý thuyết mạch điện,Theory of Electrical Circuits,,KTMT,CSN,,CE101CE122CE125,,,3,1
40,CE122,Phân tích mạch kỹ thuật,Engineering Circuit Analysis,,KTMT,CN,,CE125,,,3,1
41,CE124,Các thiết bị và mạch điện tử,Electronic Devices and Circuits,,KTMT,CSN,,CE104,,CE121,3,1
42,CE125,Kỹ thuật phân tích mạch,Introduction to Circuit Analysis,,KTMT,CN,,,,,3,1
43,CE126,Vật lý bán dẫn và ứng dụng,Semiconductor Physics and Applications,,KTMT,CN,,,,,3,1
44,CE201,Đồ án 1,Project 1,,KTMT,ĐA,,,,PH002CE103CE121,0,2
45,CE202,An toàn mạng máy tính,Network security,,KTMT,CN,,NT101,,,3,0
46,CE203,Điều khiển tự động nâng cao,Advanced automatic control,,KTMT,CĐTN,,CE317,,,3,0
47,CE204,Thiết kế và lập trình Web,Web design and programming,,KTMT,CN,CE305,,,,3,0
48,CE205,Xử lý tín hiệu số,Digital signal processing,,KTMT,CN,,,,,3,1
49,CE206,Đồ án 2,Project 2,,KTMT,ĐA,,CE116,,PH002CE103CE121,0,2
50,CE207,Đồ án thiết kế vi mạch 1,Project on Integrated Circuit Design 1,,KTMT,CN,,,,CE226CE436CE433,0,2
51,CE208,Đồ án thiết kế vi mạch 2,Project on Integrated Circuit Design 2,,KTMT,CN,,,,CE207,0,2
52,CE211,Lập trình nhúng căn bản,Introduction to embedded-system programming,,KTMT,CN,,CE232,,CE107,3,1
53,CE212,Điều khiển tự động,Automatic Control,,KTMT,CN,CE113,,,MA003MA006,3,1
54,CE213,Thiết kế hệ thống số với HDL,Digital System Design with HDL,,KTMT,CSN,,,,PH002CE118,3,1
55,CE219,Tương tác người - máy,Human-computer interaction,,KTMT,CN,,CE405,,,3,0
56,CE221,Thiết kế vi mạch với HDL,Digital circuit design with HDL,,KTMT,CN,,CE213,,PH002CE118,3,1
57,CE222,Thiết kế vi mạch số,Digital Integrated Circuit Design,,KTMT,CN,,CE302,,CE118,3,1
58,CE224,Thiết kế hệ thống nhúng,Embedded Systems Design,,KTMT,CN,,,,CE103,3,1
59,CE226,Thiết kế VLSI,VLSI Design,,KTMT,CN,,,,,3,1
60,CE232,Thiết kế hệ thống nhúng không dây,Wireless Embedded Systems Design,,KTMT,CN,,,,CE224,3,1
61,CE233,Kỹ thuật Robot,Robot Principles and Design,,KTMT,CN,,,,MA003,3,1
62,CE301,Hệ thống chứng thực số,Digital identification systems,,KTMT,CN,,,,,3,0
63,CE302,Thiết kế vi mạch,Circuits design,,KTMT,CN,,CE222,,,2,1
64,CE303,Robot công nghiệp,Industrial robotics,,KTMT,CN,,,,MA001MA002CE101CE212CE107,3,0
65,CE3031,Công nghệ cảm biến,Sensor Technologies,,KTMT,CN,,,,MA006MA003CE121,3,1
66,CE304,Robot công nghiệp,Industrial Robotics,,KTMT,CNTC,,,,CE121CE224MA001MA002,3,1
67,CE306,Thị giác máy tính,Computer vision,,KTMT,CN,,,,,3,0
68,CE312,Hệ thống thời gian thực,Real-time systems,,KTMT,CN,,,,IT006IT007CE103CE211,3,0
69,CE313,Xử lý song song và hệ thống phân tán,Parallel Processing and Distributed Systems,,KTMT,CN,CE311,,,IT001IT006,3,0
70,CE314,Trình biên dịch,Principles of compiler design,,KTMT,CN,,,,CE103MA004,3,0
71,CE315,Lập trình hệ thống với Java,System Programming with Java,,KTMT,CN,CE110,,,,2,1
72,CE316,Logic mờ và ứng dụng,Fuzzy logic and applications,,KTMT,CN,,CS405,,MA004,3,0
73,CE317,Điều khiển tự động nâng cao,Advanced Automatic Control,,KTMT,CN,CE203,,,MA001MA002MA003MA004CE101CE104CE212,3,0
74,CE318,Trình biên dịch,Compiler,,KTMT,CNTC,,CE314,,IT006IT007,3,1
75,CE319,Logic mờ và ứng dụng,Fuzzy Logic and Its Applications,,KTMT,CNTC,,,,MA004,3,1
76,CE320,Logic mờ cho ứng dụng hệ thống nhúng,Fuzzy Logic for Embedded Systems Applications,,KTMT,CN,,,,MA004,3,1
77,CE321,Kỹ thuật chế tạo vi mạch,Integrated circuit fabrication,,KTMT,CN,CE404,,,CE222,3,0
78,CE322,Thiết kế vi mạch hỗn hợp,Mixed-signal integrated circuit design,,KTMT,CN,,,,CE222,2,1
79,CE323,Kỹ thuật thiết kế mạch in,Printed Circuit Board Design,,KTMT,CN,,,,CE101CE104CE103,2,1
80,CE324,Thiết kế vi mạch tương tự,Analog integrated circuit design,,KTMT,CN,,,,CE104CE221,2,1
81,CE325,Thiết kế dựa trên vi xử lý,Microprocessor-based system design,,KTMT,CN,,CE335,,IT001IT006IT003,2,1
82,CE326,Tự động hóa thiết kế vi mạch,Circuit-design automation,,KTMT,CN,,,,CE221,2,1
83,CE327,Tối ưu hóa dựa trên FPGA,FPGA-based optimization,,KTMT,CN,,CE337,,CE118IT006CE221,3,0
84,CE331,Kỹ thuật chế tạo vi mạch,Integrated Circuit Fabrication,,KTMT,CNTC,,CE321,,CE222,3,1
85,CE332,Thiết kế vi mạch hỗn hợp,Mixed-Signal Integrated Circuit Design,,KTMT,CNTC,,CE322,,CE222,3,1
86,CE333,Tiếng Anh chuyên ngành Kỹ thuật máy tính,Technical English for Computer Engineering,,KTMT,CN,,,,ENG03IT007,4,0
87,CE334,Thiết kế vi mạch tương tự,Analog Integrated Circuit Design,,KTMT,CNTC,,CE324,,CE124CE213,3,1
88,CE335,Thiết kế dựa trên vi xử lý,Microprocessor-Based Design,,KTMT,CNTC,,CE325,,IT006IT003IT001,3,1
89,CE336,Tự động hóa thiết kế vi mạch,Electronic Design Automation,,KTMT,CNTC,,CE326,,CE118CE213,3,1
90,CE337,Tối ưu hóa dựa trên FPGA,FPGA-based Optimization,,KTMT,CNTC,,CE327,,IT006CE118CE213,3,1
91,CE338,Hệ thống thời gian thực,Real-Time Systems,,KTMT,CNTC,,,,IT006IT007,3,1
92,CE339,Công nghệ IoT và ứng dụng,IoT Technology and Applications,,KTMT,CN,,,,CE103CE224,3,1
93,CE340,Trí tuệ nhân tạo cho hệ thống nhúng,Artificial Intelligence for Embedded Systems,,KTMT,CN,,,,,3,1
94,CE341,Lập trình nhúng trên thiết bị di động,Embedded Programming on Mobile Devices,,KTMT,CN,,,,,3,1
95,CE342,Hệ thống thông minh,Smart Systems,,KTMT,CN,,,,CE224,3,1
96,CE343,Trí tuệ nhân tạo cho xe tự hành,Artificial Intelligence for Autonomous Vehicles,,KTMT,CN,,,,,3,1
97,CE344,Trí tuệ nhân tạo cho IoT,Artificial Intelligence for IoT,,KTMT,CN,,,,,3,1
98,CE345,Kiến trúc IoT: giao thức mạng và bảo mật,IoT Architecture: Network Protocols and Security,,KTMT,CN,,,,,3,1
99,CE346,Thiết kế Ăng-ten tích hợp cho thiết bị IoT,Antenna Design for IoT Devices,,KTMT,CN,,,,,3,1
100,CE347,Điều khiển thông minh cho robot,Intelligent Control in Robotics,,KTMT,CN,,,,MA003,3,1
101,CE348,Công nghệ cảm biến trong IoT,Sensor Technologies for IoT,,KTMT,CN,,,,,3,1
102,CE349,Hệ thống nhúng trên SoC,Embedded Systems Design on SoC,,KTMT,CN,,,,CE103,3,1
103,CE350,Xử lý ảnh hướng ASIC,Image Processing with ASIC,,KTMT,CN,,,,CE436,3,1
104,CE351,Thiết kế bộ tăng tốc phần cứng,Hardware Accelerator Design,,KTMT,CN,,,,CE433,3,1
105,CE352,Xử lý tín hiệu số trên FPGA,Digital Signal Processing on FPGA,,KTMT,CN,,,,CE213CE436,3,1
106,CE353,Thiết kế vật lý vi mạch,Physical Design,,KTMT,CN,,,,CE226,3,1
107,CE401,Kỹ thuật hệ thống máy tính,Computer system engineering,,KTMT,CĐTN,,,,IT006IT007,3,0
108,CE402,Các hệ điều hành nhúng,Embedded operating systems,,KTMT,CĐTN,,,,IT007IT006CE107,3,1
109,CE403,Thiết kế số,Digital design,,KTMT,CĐTN,,,,PH002IT006CE221,3,1
110,CE404,Kỹ thuật chế tạo vi mạch,Integrated Circuit Fabrication,,KTMT,CĐTN,,CE321,,,3,0
111,CE405,Tương tác người-máy,Human-Computer Interaction,,KTMT,CĐTN,CE219,,,,3,0
112,CE406,Tương tác người-máy,Human-Computer Interaction,,KTMT,CNTC,,,,CE103,3,1
113,CE407,Đồ án chuyên ngành hệ thống nhúng và robot,Major Project on Embedded Systems and Robot Design,,KTMT,CĐTN,,CE412,,IT006,0,2
114,CE408,Đồ án chuyên ngành thiết kế vi mạch và phần cứng,Major Project on Integrated Circuit and Computer Hardware Design,,KTMT,CĐTN,,,,CE201CE206CE213,0,2
115,CE409,Kỹ thuật thiết kế kiểm tra,Design Verification,,KTMT,CN,,,,CE118CE213,3,1
116,CE410,Kỹ thuật hệ thống máy tính,Computer System Engineering,,KTMT,CĐTN,,,,CE118CE224,3,1
117,CE411,Chuyên đề hệ thống nhúng và robot,Special Topics on Embedded Systems and Robotics,,KTMT,CĐTN,,,,CE107,3,1
118,CE412,Đồ án chuyên ngành hệ thống nhúng và IoT,Major Project on Embedded System and IoT Design,,KTMT,CN,,,,CE224,0,2
119,CE413,Đồ án chuyên ngành Robotics và AI,Major Project on Robotics and AI,,KTMT,CN,,,,CE103CE224,0,2
120,CE421,Chuyên đề thiết kế vi mạch và phần cứng,Special Topics on Integrated Circuit and Computer Hardware Designs,,KTMT,CĐTN,,,,CE118CE221CE222,3,1
121,CE430,Lập trình hệ thống,System programming,,KTMT,CNTC,,,,,3,1
122,CE432,Thiết kế vi mạch hướng ASIC,ASIC Design,,KTMT,CNTC,,,,CE118CE213,3,1
123,CE433,Thiết kế hệ thống SoC,SoC Design,,KTMT,CNTC,,,,CE118IT006,3,1
124,CE434,Chuyên đề thiết kế hệ vi mạch 1,Special Topics on Integrated Circuit Design 1,,KTMT,CNTC,,,,CE213,3,1
125,CE435,Chuyên đề thiết kế hệ vi mạch 2,Special Topics on Integrated Circuit Design 2,,KTMT,CNTC,,,,CE213,3,1
126,CE436,Xử lý tín hiệu số và ứng dụng,Digital Signal Processing and Applications,,KTMT,CNTC,,,,MA003MA006,3,1
127,CE437,Chuyên đề thiết kế hệ thống nhúng 1,Special Topics on Embedded Systems 1,,KTMT,CNTC,,,,CE103,3,1
128,CE438,Chuyên đề thiết kế hệ thống nhúng 2,Special Topics on Embedded Systems 2,,KTMT,CNTC,,,,CE103,3,1
129,CE439,Lập trình song song và hệ thống phân tán,Parallel Programming and Distributed Systems,,KTMT,CNTC,,,,IT001IT006,3,1
130,CE440,Hệ thống định vị với ứng dụng Artificial Intelligence,Indoor and Outdoor Localization Systems with Artificial Intelligence Applications,,KTMT,CN,,,,,3,1
131,CE441,Chuyên đề thiết kế Robotics và Artificial Intelligence 1,Special Topics on Robotics and Artificial Intelligence 1,,KTMT,CN,,,,CE103CE224,3,1
132,CE442,Chuyên đề thiết kế Robotics và Artificial Intelligence 2,Special Topics on Robotics and Artificial Intelligence 2,,KTMT,CN,,,,CE103CE224,3,1
133,CE501,Thực tập doanh nghiệp,Internship,,KTMT,TTTN,,,,,0,3
134,CE502,Thực tập doanh nghiệp,Internship,,KTMT,TTTN,,CE501,,,2,0
135,CE505,Khóa luận tốt nghiệp,Thesis,,KTMT,KLTN,,,,CE206,10,0
136,CE506,Luận văn chuyên sâu đặc thù,Thesis,,KTMT,CN,,,,,0,14
137,CE507,Đồ án tốt nghiệp tại doanh nghiệp,Industry Capstone Project,,KTMT,TN,,,,,10,0
138,CE508,Đồ án tốt nghiệp,Capstone Project,,KTMT,TN,,,,,0,6
139,CE510,Chuyên đề tốt nghiệp định hướng hệ thống nhúng và IoT,Special Project on Embedded Systems and IoT,,KTMT,CĐTN,,,,,3,1
140,CE511,Chuyên đề tốt nghiệp định hướng Robotic và trí tuệ nhân tạo,Special Project on Robotics and Artificial Intelligence,,KTMT,CĐTN,,,,,3,1
141,CE512,Chuyên đề tốt nghiệp định hướng thiết kế vi mạch,Special Project on  Integrated Circuit Design,,KTMT,TN,,,,,3,1
142,CM101,Quản lý giao tiếp,Communication management,,HTTT,ĐC,,,,,3,0
143,CNBU001,Mạng máy tính,Networking,,MMT&TT,CN,,CSBU105,,,3,1
144,CNBU002,Bảo mật,Security,,MMT&TT,CN,,,,,3,1
145,CNBU003,Dự án nghiên cứu,Computing Research Project,,MMT&TT,CN,,CSBU009,,,4,4
146,CNBU004,Thiết kế và phát triển website,Website Design and Development,,MMT&TT,CN,,CSBU103,,,3,1
147,CNBU005,Internet of Things,Internet of Things,,MMT&TT,CN,,,,,3,1
148,CNBU006,An toàn mạng máy tính,Network Security,,MMT&TT,CN,,,,,3,1
149,CNBU007,Pháp chứng kỹ thuật số,Forensics,,MMT&TT,CN,,,,,3,1
150,CNBU008,Quản lý an toàn thông tin,Information Security Management,,MMT&TT,CN,,,,,3,1
151,CNBU009,Thực tập,Internship,,MMT&TT,TTTN,,,,,0,0
152,CNBU101,Toán cho tin học,Maths for Computing,,MMT&TT,CN,,,,,40,25
153,CNBU102,Công nghệ mạng máy tính,Networking Technologies,,MMT&TT,CN,,,,,40,25
154,CNBU103,Lập trình cho kỹ sư mạng máy tính,Programming for Network Engineers,,MMT&TT,CN,,,,,40,25
155,CNBU104,Hệ thống Servers,Server Systems,,MMT&TT,CN,,,,,40,25
156,CNBU105,Hệ thống mạng doanh nghiệp,Enterprise Network Systems,,MMT&TT,CN,,,,,40,25
157,CNBU106,Hoạt động an ninh mạng,Cyber Security Operations,,MMT&TT,CN,,,,,40,25
158,CNBU107,Dự án chuyên ngành,Enterprise Practice Project,,MMT&TT,CN,,,,,40,25
159,CNBU108,Hệ điều hành,Applied Operating Systems,,MMT&TT,CN,,,,,44,25
160,CNBU201,Công nghệ mạng không dây,Wireless Networking Technologies,,MMT,CN,,,,,40,25
161,CNBU202,Hệ thống tường lửa nâng cao,Advanced Firewall Systems,,MMT,CN,,,,,40,25
162,CNBU203,An toàn mạng máy tính,Network Security,,MMT,CN,,,,,40,25
163,CNBU204,Ethical Hacking,Ethical Hacking,,MMT,CN,,,,,40,25
164,CNBU205,Dự án cá nhân,Individual Honours Project,,MMT,CN,,CSBU205,,,40,25
165,CNET1,Mạng máy tính,Computer networks,,MMT&TT,ĐC,,IT005,,,3,1
166,CS003,Máy học nâng cao,Advanced machine learning,,KHMT,CN,,CS315,,,3,0
167,CS004,Máy học trong xử lý ngôn ngữ tự nhiên,Machine learning in NLP,,KHMT,CN,,,,,3,0
168,CS005,Giới thiệu ngành Khoa học Máy tính,Introduction to Computer Science,,KHMT,ĐC,,IE005IS005SE005CE005NT005NT015EC005DS005AI001,,,1,0
169,CS010,Các công cụ của trí tuệ nhân tạo,Các công cụ của trí tuệ nhân tạo,,,,,,,,3,0
170,CS013,Máy học nâng cao,Advanced machine learning,,KHMT,CN,,CS315,,,3,1
171,CS014,Máy học trong xử lý ngôn ngữ tự nhiên,Machine learning in NLP,,KHMT,CN,,CS324,,,3,1
172,CS019,Chuyên đề ứng dụng Trí tuệ nhân tạo,Applied artificial intelligence,,KHMT,CN,,,,,4,0
173,CS101,Nguyên lý và phương pháp lập trình,Principles and Techniques of Programming,,KHMT,CN,,CS111,,,3,0
174,CS102,Phân tích & thiết kế thuật toán,Design and analysis of algorithms,,KHMT,CN,,CS112,,,3,0
175,CS103,Cơ sở lập trình,Introduction to programming,,KHMT,CN,,CS111CS511SE330,,,4,0
176,CS104,Nhập môn công nghệ phần mềm,Software engineering,,KHMT,CN,,SE104,,,3,0
177,CS105,Đồ họa máy tính,Computer Graphics,,KHMT,CSN,,CS113,,,3,1
178,CS106,Trí tuệ nhân tạo,Artificial Intelligence,,KHMT,CSN,,,,IT003,3,1
179,CS107,Các hệ cơ sở tri thức,Knowledge-Based Systems,,KHMT,CN,,CS217,,,4,0
180,CS108,Lý thuyết thông tin,Information theory,,KHMT,CN,,NT104,,,3,0
181,CS109,Máy học,Machine learning,,KHMT,CN,,CS110,,,4,0
182,CS110,Nhập môn công nghệ tri thức và máy học,Introduction to Knowledge Engineering and Machine Learning,,KHMT,CSN,,CS114,,,3,1
183,CS111,Nguyên lý và phương pháp lập trình,Principles and Techniques of Programming,,KHMT,CSN,CS101,,,IT003,3,1
184,CS1113,Khoa học máy tính 1,Computer Science 1,,HTTT,ĐC,CSC11,CS2134,,,3,1
185,CS112,Phân tích và thiết kế thuật toán,Design and Analysis of Algorithms,,KHMT,CSN,,,,IT001IT003,3,1
186,CS113,Đồ họa máy tính và xử lý ảnh,Computer Graphics and Digital Image Processing,,KHMT,CSN,,CS105,,IT001IT003,3,1
187,CS114,Máy học,Machine Learning,,KHMT,CN,,DS102,,IT001MA003MA004,3,1
188,CS115,Toán cho khoa học máy tính,Mathematics for Computer Science,,KHMT,CN,,,,IT001,4,0
189,CS116,Lập trình Python cho máy học,Python for Machine Learning,,KHMT,CN,,,,IT001IT002,3,1
190,CS117,Tư duy tính toán,Computational Thinking,,KHMT,CN,,,,,3,1
191,CS124,Nhập môn công nghệ phần mềm,Nhập môn công nghệ phần mềm,,,,,,,,3,0
192,CS210,Xử lý ngôn ngữ tự nhiên nâng cao,Advanced natural language processing,,KHMT,CN,,,,,4,0
193,CS211,Trí tuệ nhân tạo nâng cao,Advanced Artificial Intelligence,,KHMT,CN,,,,CS106,3,1
194,CS212,Xử lý ngôn ngữ tự nhiên,Natural Language Processing,,KHMT,CN,,,,,3,1
195,CS213,Ngôn ngữ học máy tính,Computational linguistics,,,CN,,CS226,,,4,0
196,CS2133,Khoa học máy tính 2,Computer Science 2,,HTTT,ĐC,CSC12,CS2134,,CS1113,3,1
197,CS2134,Khoa học máy tính,Computer Science,,HTTT,ĐC,,,,,3,1
198,CS214,Biểu diễn tri thức và suy luận,Knowledge Representation and Reasoning,,KHMT,CN,,,,,3,1
199,CS217,Các hệ cơ sở tri thức,Knowledge-Based Systems,,KHMT,CN,CS107,,,IT002IT003,3,1
200,CS221,Xử lý ngôn ngữ tự nhiên,Natural Language Processing,,KHMT,CN,,,,IT001MA003MA004,3,1
201,CS222,Xử lý ngôn ngữ tự nhiên nâng cao,Advanced Natural Language Processing,,KHMT,CN,,,,CS221,3,1
202,CS223,Máy học nâng cao,Advanced machine learning,,KHMT,CN,,CS315,,,3,1
203,CS224,Máy học xử lý ngôn ngữ tự nhiên,Machine learning in NLP,,KHMT,CN,,CS324,,,3,1
204,CS225,Lập trình symbolic trong trí tuệ nhân tạo,Symbolic Programming in Artificial Intelligence,,KHMT,CN,,CS314,,,4,0
205,CS226,Ngôn ngữ học máy tính,Computational Linguistics,,KHMT,CN,CS213,,,,4,0
206,CS227,Khai thác dữ liệu và ứng dụng,Data Mining and Applications,,KHMT,CN,,CS313,,,3,1
207,CS228,Máy học và ứng dụng,Machine learning and applications,,KHMT,CN,,,,,3,1
208,CS229,Ngữ nghĩa học tính toán,Computational Semantics,,KHMT,CN,,,,CS221,3,1
209,CS231,Nhập môn thị giác máy tính,Introduction to Computer Vision,,KHMT,CN,,,,,3,1
210,CS232,Tính toán đa phương tiện,Introduction to Multimedia Computing,,KHMT,CN,,,,,3,1
211,CS233,Nhận dạng Thị giác,Visual Pattern Recognition,,KHMT,CN,,,,,3,1
212,CS2433,Lập trình C/C++,C/C++ Programming,,HTTT,CSN,,MSIS2433,,,3,1
213,CS301,Chuyên đề nghiên cứu khoa học,Scientific Research Seminar,,KHMT,CN,,,,,4,0
214,CS302,Seminar,Seminar,,KHMT,CN,,,,,3,0
215,CS311,Kỹ thuật lập trình trí tuệ nhân tạo,Artificial Intelligence Programming Techniques,,KHMT,CN,,,,IT003,3,1
216,CS312,Hệ thống đa tác tử,Multi-Agent Systems,,KHMT,CN,,,,CS110,3,1
217,CS313,Khai thác dữ liệu và ứng dụng,Data Mining and Applications,,KHMT,CN,,,,IT001IT003,3,1
218,CS314,Lập trình symbolic trong trí tuệ nhân tạo,Symbolic Programming in Artificial Intelligence,,KHMT,CN,CS225,,,,3,1
219,CS315,Máy học nâng cao,Advanced Machine Learning,,KHMT,CN,CS013,CS223,,CS110,3,1
220,CS316,Các hệ giải bài toán thông minh,Intelligent Problem-Solving Systems,,KHMT,CN,CS408,,,,3,1
221,CS317,Phát triển và vận hành hệ thống máy học,Machine Learning Operations,,KHMT,CN,,,,CS114,3,1
222,CS321,Ngôn ngữ học ngữ liệu,Corpus Linguistics,,KHMT,CN,,,,IT001,3,1
223,CS322,Biểu diễn tri thức và ứng dụng,Knowledge representation and applications,,KHMT,CN,,CS214,,CS212,4,0
224,CS323,Các hệ thống hỏi-đáp,Question-Answering Systems,,KHMT,CN,,,,CS221,3,1
225,CS324,Máy học trong xử lý ngôn ngữ tự nhiên,Machine Learning for Natural Language Processing,,KHMT,CN,CS004,CS224,,CS221,3,1
226,CS325,Dịch máy,Machine Translation,,KHMT,CN,CS411,,,CS221,3,1
227,CS326,Các kĩ thuật trong xử lý ngôn ngữ tự nhiên,Advanced Techniques in Natural Language Processing,,KHMT,CN,CS407,,,CS221,3,1
228,CS331,Thị giác máy tính nâng cao,Advanced Computer Vision,,KHMT,CN,,,,CS231,3,1
229,CS332,Máy học trong thị giác máy tính,Machine Learning in Computer Vision,,KHMT,CN,,,,,3,1
230,CS333,Đồ họa game,Computer Graphics in Game,,KHMT,CN,,,,,2,1
231,CS334,Lập trình tính toán hình thức,Programming for formal computing,,KHMT,CN,,,,,3,1
232,CS335,Tìm kiếm ảnh và video,Image and Video Search,,KHMT,CNTC,,,,IT001,3,1
233,CS336,Truy vấn thông tin đa phương tiện,Multimedia Information Retrieval,,KHMT,CN,,,,,3,1
234,CS3363,Tổ chức ngôn ngữ lập trình,Organization of Programming Languages,,HTTT,ĐC,,MSIS207,,,3,1
235,CS337,Xử lý âm thanh và tiếng nói,Speech and Audio Signal Processing,,KHMT,CN,,,,IT003,3,1
236,CS3373,Lập trình hướng đối tượng nâng cao cho môi trường windows,Advanced Object-Oriented Programming for Windows,,HTTT,CSN,,IEM5723,,,3,1
237,CS338,Nhận dạng,Pattern Recognition,,KHMT,CN,,,,,3,1
238,CS339,Xử lý văn bản y khoa,Natural Language Processing with Health Focus,,KHMT,CNTC,,,,,3,1
239,CS3423,Cấu trúc tập tin,File Structures,,HTTT,CSN,,CS4153,,,3,1
240,CS3443,Hệ thống máy tính,Computer Systems,,HTTT,CSN,,,,,3,0
241,CS351,Chuyên đề NCKH 1,Scientific Research 1,,KHMT,CN,,,,,4,0
242,CS3513,Phương pháp số cho máy tính kỹ thuật số,Numerical methods for digital computers,,HTTT,CNTC,,,,,3,0
243,CS352,Chuyên đề NCKH 2,Scientific Research 2,,KHMT,CN,,,,,4,0
244,CS3613,Cơ sở tính toán,Theoretical Foundations of Computing,,HTTT,CNCS,,STAT3013,,,3,1
245,CS3653,Toán rời rạc,Discrete Mathematics,,HTTT,ĐC,,,,MATH2154,3,0
246,CS371,Seminar chuyên đề 1,Seminar 1,,KHMT,CN,,,,,2,0
247,CS372,Seminar chuyên đề 2,Seminar 2,,KHMT,CN,,,,,2,0
248,CS401,Công nghệ Java,Java technology,,KHMT,CĐTN,,,,,3,1
249,CS402,Phân tích thiết kế HTTT quản lý,Management-information system analysis and design,,KHMT,CN,,,,,3,0
250,CS403,Các dịch vụ web,Web services,,KHMT,CN,,,,,3,0
251,CS404,Công nghệ đa tác tử (Muli-Agent),Multi-agent technology,,KHMT,CĐTN,,CS312,,,4,0
252,CS405,Logic mờ và ứng dụng,Fuzzy Logic and Applications,,KHMT,CĐTN,,,,,3,1
253,CS406,Xử lý ảnh và ứng dụng,Image Processing and Applications,,KHMT,CĐTN,,,,,3,1
254,CS407,Các kỹ thuật trong xử lý NNTN,Advanced Techniques in Natural Language Processing,,KHMT,CĐTN,,CS326,,,4,0
255,CS408,Các hệ giải toán thông minh,Intelligent Problem-Solving Systems,,KHMT,CĐTN,,CS316,,,4,0
256,CS409,Hệ suy diễn mờ,Fuzzy Inference Systems,,KHMT,CĐTN,,,,,3,1
257,CS410,Mạng neural và thuật giải di truyền,Neural Networks and Genetic Algorithms,,KHMT,CĐTN,,,IT003,,3,1
258,CS411,Dịch máy,Machine Translation,,KHMT,CĐTN,,CS325,,,4,0
259,CS412,Web ngữ nghĩa,Semantic Web,,KHMT,CĐTN,,,,CS221,3,1
260,CS414,Lý thuyết automat và ứng dụng,Automata Theory and Applications,,KHMT,CĐTN,,,,MA004,3,1
261,CS4143,Đồ họa máy tính,Computer Graphics,,HTTT,CNTC,,,,,3,0
262,CS415,Mã hóa thông tin,Encoding information,,KHMT,CĐTN,,,,,3,1
263,CS4153,Phát triển ứng dụng trên di động,Mobile Application Development,,HTTT,CN,,,,CS2133,3,0
264,CS417,Nhận dạng,Pattern recognition,,KHMT,CN,,,,,2,1
265,CS418,Trực quan máy tính,Visual computing,,KHMT,CĐTN,,,,,3,1
266,CS419,Truy xuất thông tin,Information Retrieval,,KHMT,CĐTN,,,,CS115,3,1
267,CS420,Các vấn đề chọn lọc trong thị giác máy tính,Selected Topics in Computer Vision,,KHMT,CĐTN,,,,CS231,3,1
268,CS421,Khai thác dữ liệu đa phương tiện,Khai thác dữ liệu đa phương tiện,,KHMT,CĐTN,,,,,3,1
269,CS4243,Thuật toán và tiến trình trong an toàn máy tính,Algorithms and Processes in Computer Security,,HTTT,CSN,,,,CS4283,3,0
270,CS4273,Nhập môn Công nghệ phần mềm,Introduction to Software Engineering,,HTTT,CNCS,,,,,3,1
271,CS4283,Mạng máy tính,Computer Networks,,HTTT,ĐC,,,,,3,0
272,CS431,Các kĩ thuật học sâu và ứng dụng,Deep Learning and Applications,,KHMT,CĐTN,,,,IT001IT002,2,1
273,CS4323,Hệ điều hành,Operating Systems,,HTTT,ĐC,,,,,3,0
274,CS4343,Cấu trúc dữ liệu và giải thuật,Data Structures and Algorithms,,HTTT,ĐC,,,,CS2134,3,1
275,CS4344,An ninh mạng,Cyber Security,,HTTT,CSN,,,,,3,0
276,CS4793,Trí tuệ nhân tạo,Artificial Intelligence,,HTTT,CNCS,,MKTG5883,,,3,1
277,CS4883,Các vấn đề xã hội trong tính toán,Social issues in computing,,HTTT,CNTC,,,,,3,0
278,CS5000,Luận văn,Thesis,,HTTT,KLTN,,,,,10,0
279,CS501,Khóa luận tốt nghiệp,Thesis,,KHMT,KLTN,,,,,10,0
280,CS502,Các công nghệ web và ứng dụng,Web technology and applications,,KHMT,CN,,SE341,,,2,0
281,CS503,Môn tốt nghiệp KHMT 2,Computer science,,KHMT,CN,,,,IT003,3,0
282,CS5030,Thực tập tốt nghiệp,Internship,,HTTT,TTTN,,,,,3,0
283,CS5031,Thực tập doanh nghiệp,Internship,,HTTT,TN,,,,,2,0
284,CS504,Công nghệ .NET,.Net technology,,KHMT,CN,,SE310,,,3,1
285,CS505,Khoá luận tốt nghiệp,Thesis,,KHMT,KLTN,,,,,10,0
286,CS506,Chuyên đề J2EE,J2EE,,KHMT,CN,,SE325,,,3,1
287,CS507,Hệ điều hành Linux,Linux operating systems,,KHMT,CN,,NT103,,,3,1
288,CS508,Lập trình cơ sở dữ liệu,Database programming,,KHMT,CN,,IS203,,,3,1
289,CS510,Lý thuyết thông tin,Information theory,,KHMT,CN,,NT104,,,3,0
290,CS511,Ngôn ngữ lập trình C#,C# Programming Language,,KHMT,CNTC,CS512,,,IT002IT003IT001,3,1
291,CS513,Ngôn ngữ lập trình Java,Java programming language,,KHMT,CN,,SE330,,,3,1
292,CS515,Phân tích thiết kế hệ thống thông tin,Information system analysis and design,,KHMT,CN,,,,,3,1
293,CS516,Phân tích thiết kế hướng đối tượng với UML,Object-oriented analysis and design with UML,,KHMT,CN,,,,,3,1
294,CS517,Quản lý dự án,Project management,,KHMT,CN,,IS208,,,3,0
295,CS518,Xây dựng phần mềm hướng đối tượng,Object-oriented software development,,KHMT,CN,,,,,3,1
296,CS519,Phương pháp luận nghiên cứu khoa học,Scientific Research Methodology,,KHMT,CNTC,SS005,,,,3,0
297,CS521,Toán rời rạc nâng cao,Advanced Discrete Mathematics,,KHMT,CNTC,,,,IT003MA004,4,0
298,CS522,Đại số máy tính,Computer Algebra,,KHMT,CĐTN,,,,IT003MA004,3,1
299,CS523,Cấu trúc dữ liệu và giải thuật nâng cao,Advanced Data Structures and Algorithms,,KHMT,CNTC,DSAL2,,,IT003IT001,3,1
300,CS524,Một số ứng dụng của xử lý ngôn ngữ tự nhiên,Applied Natural Language Processing,,KHMT,CNTC,,,,CS221,3,1
301,CS525,Thị giác máy tính trong tương tác người – máy,Computer Vision in Human-Computer Interaction,,KHMT,CN,,,,,3,1
302,CS526,Phát triển ứng dụng đa phương tiện trên thiết bị di động,Multimedia Mobile Applications,,KHMT,CNTC,,,,IT002IT003,3,1
303,CS527,Thực tại ảo,Virtual Reality,,KHMT,CNTC,,,,,3,1
304,CS528,Trực quan hóa thông tin,Information Visualization,,KHMT,CNTC,,,,,3,1
305,CS529,Các vấn đề nghiên cứu và ứng dụng trong khoa học máy tính,Selected Topics for Researching and Application in Computer Science,,KHMT,CNTC,,,,,4,0
306,CS530,Đồ án chuyên ngành,Undergraduate Research Project,,KHMT,CNTC,,,,,3,0
307,CS531,Đồ họa trong video game,Computer Graphics in Video Games,,KHMT,CN,,,,,3,1
308,CS532,Thị giác máy tính trong tương tác người-máy,Computer Vision in Human-Computer Interaction,,KHMT,CN,,,,,3,1
309,CS534,Lập trình Javascript và ứng dụng,JavaScript Programming and Applications,,KHMT,CNTC,,,,,3,1
310,CS535,Tổng hợp tiếng nói,Speech Synthesis,,KHMT,CNTC,,,,CS221CS114,3,1
311,CS5423,Nguyên lý các hệ cơ sở dữ liệu,Principles of Database Systems,,HTTT,CSN,,,,,3,1
312,CS5433,Các hệ cơ sở dữ liệu phân tán,Distributed Database Systems,,HTTT,CSN,,,,CS5423CS4283MSIS4013,3,0
313,CS551,Thực tập,Internship,,KHMT,TTTN,,,,,2,0
314,CS553,Đồ án tốt nghiệp,Capstone Project,,KHMT,TN,,,,,6,0
315,CS554,Đồ án tốt nghiệp tại doanh nghiệp,Industry Capstone Project,,KHMT,TN,,,,,10,0
316,CSBU001,Lập trình,Programming,,KHMT,CN,,CSBU101,,,3,1
317,CSBU002,Mạng máy tính,Networking,,KHMT,CN,,,,,3,1
318,CSBU003,Thực hành nghề nghiệp,Professional Practice,,KHMT,CN,,,,,4,0
319,CSBU004,Toán cho tin học,Maths for Computing,,KHMT,CN,,,,,3,1
320,CSBU005,Bảo mật,Security,,KHMT,CN,,,,,3,1
321,CSBU006,Quản lý dự án máy tính thành công,Managing a Successful Computing Project,,KHMT,CN,,,,,4,0
322,CSBU007,Thiết kế và phát triển cơ sở dữ liệu,Database Design and Development,,KHMT,CN,,,,,3,1
323,CSBU008,Kiến trúc máy tính,Computer Systems Architecture,,KHMT,CN,,CSBU102,,,3,1
324,CSBU009,Dự án nghiên cứu,Computing Research Project,,KHMT,CN,,,,,4,4
325,CSBU010,Công nghệ kinh doanh thông minh,Business Intelligence,,KHMT,CN,,,,,3,1
326,CSBU011,Toán rời rạc,Discrete Maths,,KHMT,CN,,CSBU110,,,4,0
327,CSBU012,Cấu trúc dữ liệu và giải thuật,Data Structures and Algorithms,,KHMT,CN,,CSBU104,,,3,1
328,CSBU013,Lập trình nâng cao,Advanced Programming,,KHMT,CN,,CSBU107,,,3,1
329,CSBU014,Máy học,Machine Learning,,KHMT,CN,,,,,3,1
330,CSBU015,Điện toán đám mây,Cloud Computing,,KHMT,CN,,,,,3,1
331,CSBU016,Thực tập,Internship,,KHMT,TTTN,,,,,0,0
332,CSBU101,Lập trình máy tính,Computer Programming,,KHMT,CN,,,,,40,25
333,CSBU102,Hệ thống máy tính,Computer Systems,,KHMT,CN,,,,,40,25
334,CSBU103,Phát triển và thiết kế web,Website Design and Development,,KHMT,CN,,,,,40,25
335,CSBU104,Cấu trúc dữ liệu và giải thuật,Data Structures and Algorithms,,KHMT,CN,,,,,40,25
336,CSBU105,Mạng máy tính căn bản,Network Fundamentals,,KHMT,CN,,,,,40,25
337,CSBU106,Đồ án đổi mới sáng tạo,Innovation Project,,KHMT,CN,,,,,48,32
338,CSBU107,Lập trình hướng đối tượng,Object-Oriented Programming,,KHMT,CN,,,,,40,25
339,CSBU108,Hệ điều hành,Operating Systems,,KHMT,CN,,,,,40,25
340,CSBU109,Phát triển ứng dụng web và cơ sở dữ liệu,Database and Web Application Development,,KHMT,CN,,,,,40,25
341,CSBU110,Toán rời rạc và lập trình khai báo,Discrete Mathematics and Declarative Programming,,KHMT,CN,,,,,40,25
342,CSBU111,An ninh mạng,Cyber Security,,KHMT,CN,,,,,40,25
343,CSBU112,Thiết kế phần mềm,Software Design,,KHMT,CN,,,,,40,25
344,CSBU201,Thiết kế trải nghiệm người dùng,User Experience Design,,KHMT,CN,,,,,40,25
345,CSBU202,Phát triển ứng dụng cho thiết bị di động và thiết bị đeo,Mobile and Wearable Application Development,,KHMT,CN,,,,,48,32
346,CSBU203,Điện toán đám mây,Cloud Computing,,KHMT,CN,,,,,40,25
347,CSBU204,Trí tuệ nhân tạo và máy học,Artificial Intelligence and Machine Learning,,KHMT,CN,,,,,40,25
348,CSBU205,Dự án cá nhân,Individual Honours Project,,KHMT,CN,,,,,48,32
349,CSC01,Tin học đại cương,Introduction to informatics,,KHMT,CN,,IT001,,,3,1
350,CSC11,Khoa học máy tính I,Computer science I,,KHMT,CN,,,,,4,0
351,CSC12,Khoa học máy tính II,Computer science II,,KHMT,CN,,,,,4,0
352,CSC21,Tin học đại cương (TE),Introduction to informatics,,KHMT,CN,,IT001CSC01,,,5,0
353,CSKI1,Kỹ năng truyền thông làm việc nhóm,Teamwork and communication skills,,KHMT,CN,,,,,4,0
354,CU001,Văn hóa doanh nghiệp Nhật,Japanese Corporate Culture,,KTTT,CN,,,,,2,0
355,DAI015,Thực hành văn bản Tiếng Việt,Vietnamese Language Practice,,PĐTĐH,CN,,,,,2,0
356,DBSS0,Cơ sở dữ liệu,Cơ sở dữ liệu,,,,,,,,3,0
357,DBSS1,Cơ sở dữ liệu,Database,,TTNN,ĐC,,IT004,,,3,1
358,DS005,Giới thiệu ngành Khoa học Dữ liệu,Introduction to Data Science,,KTTT,ĐC,,CS005IE005IS005SE005CE005NT005NT015EC005AI001,,,1,0
359,DS101,Thống kê và xác suất chuyên sâu,Advanced Statistics and Probability,,KTTT,CN,,,MA005,MA006MA003,2,1
360,DS102,Học máy thống kê,Statistical Machine Learning,,KTTT,CN,,,,,3,1
361,DS103,Thu thập và tiền xử lý dữ liệu,Getting and Cleaning Data,,KTTT,CN,,DS108,,,3,1
362,DS104,Tính toán song song và phân tán,Parallel and Distributed Computing,,KTTT,CN,,,,IT004,3,1
363,DS105,Phân tích và trực quan dữ liệu,Data Analytics and Visulization,,KTTT,CN,,DS111,,MA005IT001DS103,3,1
364,DS106,Tối ưu hóa và ứng dụng,Optimization and Applications,,KTTT,CN,,,,MA003,2,1
365,DS107,Tư duy tính toán cho khoa học dữ liệu,Computational Thinking for Data Science,,KTTT,CN,,,,IT002,3,1
366,DS108,Tiền xử lý và xây dựng bộ dữ liệu,Preprocessing and Constructing Datasets,,KTTT,CN,,,,IT001IT004,3,1
367,DS111,Phân tích dữ liệu,Data Analysis,,KTTT,CSN,,,,IT001MA005,3,1
368,DS200,Phân tích dữ liệu lớn,Big Data Analysis,,KTTT,CN,,,,,3,1
369,DS201,Deep Learning trong khoa học dữ liệu,Deep Learning for Data Science,,KTTT,CN,,,,DS102,3,1
370,DS202,Đồ án khoa học dữ liệu và ứng dụng 1,Data Science Project and Application 1,,KTTT,CN,,,,,0,2
371,DS203,Đồ án khoa học dữ liệu và ứng dụng 2,Data Science Project and Application 2,,KTTT,CN,,,,DS202,0,2
372,DS204,Đồ án khoa học dữ liệu và ứng dụng,Data Science Project and Application,,KTTT,ĐA,,,,,0,2
373,DS207,Đồ án,Project,,KTTT,CN,,,,,0,2
374,DS300,Hệ khuyến nghị,Recommender Systems,,KTTT,CN,,,,,3,1
375,DS301,Các giải thuật khai phá dữ liệu lớn,Mining of Massive Datasets,,KTTT,CN,,,,IT007,3,1
376,DS302,Phân tích thống kê đa biến,Multivariate Statistical Analysis,,KTTT,CN,,,MA005,,2,1
377,DS303,Thống kê Bayes,Bayesian Statistics,,KTTT,CN,,,MA005,,2,1
378,DS304,Thiết kế và phân tích thực nghiệm,Design and Analysis of Experiments,,KTTT,CN,,,,MA005,3,0
379,DS305,Phân tích dữ liệu chuỗi thời gian và ứng dụng,Applied Time Series Analysis,,KTTT,CN,,,MA005,,2,1
380,DS306,Phân tích dữ liệu lớn trong tài chính,Big Data Analytics in Finance,,KTTT,CN,,,DS200,,3,0
381,DS307,Phân tích dữ liệu truyền thông xã hội,Social Media Data Analytics,,KTTT,CN,,,,IT004,3,0
382,DS308,Mô hình đồ thị xác suất,Probabilistic Graphical Models,,KTTT,CN,,,,,3,1
383,DS309,Thực tập doanh nghiệp,Internship,,KTTT,TTTN,,,,,2,0
384,DS310,Xử lý ngôn ngữ tự nhiên cho khoa học dữ liệu,Natural Language Processing for Data Science,,KTTT,CN,,,,DS102,3,1
385,DS311,Kỹ năng nghiên cứu và viết bài báo khoa học,Scientific Research and Writing Skills,,KTTT,CN,,,,,3,0
386,DS312,Xử lý ảnh y khoa,Medical Image Processing,,KTTT,CN,,,,,3,0
387,DS313,Xử lý thông tin giọng nói,Speech Information Processing,,KTTT,CN,,,,DS102,3,1
388,DS314,Rút trích và truy vấn thông tin,Information Extraction and Retrieval,,KTTT,CN,,,,,3,1
389,DS315,Phân tích kho dữ liệu,Data Warehouse Analysis,,KTTT,CN,,,,IT004,3,1
390,DS316,Xây dựng ứng dụng thông minh,Intelligent Applications,,KTTT,CN,,,,,3,1
391,DS317,Khai phá dữ liệu trong doanh nghiệp,Data Mining for Enterprise,,KTTT,CN,,,,IT002IT003,3,1
392,DS318,Đạo đức trong trí tuệ nhân tạo và khoa học dữ liệu,Ethics in Artificial Intelligence and Data Science,,KTTT,CN,,,,,3,0
393,DS319,Mô hình ngôn ngữ lớn,Large Language Models,,KTTT,CN,,,,IT003IT002DS102,3,1
394,DS320,Học đa thể thức,Multimodal Learning,,KTTT,CN,,,,IT002IT003DS102,3,1
395,DS321,Khoa học dữ liệu cho an toàn thông tin,Data Science for Cybersecurity,,KTTT,CN,,,,,3,1
396,DS322,Thiết kế hệ thống học máy,Machine Learning Systems Design,,KTTT,CN,,,,,3,1
397,DS323,Viết báo cáo kỹ thuật và thuyết trình,Technical Report Writing and Presentation,,KTTT,CN,,,,,3,0
398,DS324,Khai thác dữ liệu ảnh số,Digital Image Data Mining,,KTTT,CN,,,,MA003IT003,3,1
399,DS325,Thiết kế ứng dụng với dữ liệu chuyên sâu,Designing Data-Intensive Applications,,KTTT,CN,,,DS108,,3,1
400,DS326,Khai phá dữ liệu đa phương tiện và ứng dụng,Multimedia Mining and Applications,,KTTT,CN,,,,IT003DS102,3,1
401,DS327,Các mô hình nền tảng,Foundation Models,,KTTT,CN,,,,IT003IT002DS102,3,1
402,DS400,Chuyên đề tốt nghiệp khoa học dữ liệu,Data Science Graduate Seminars,,KTTT,TN,,,,,4,0
403,DS501,Đồ án tốt nghiệp,Capstone Project,,KTTT,ĐC,,,,DS400,6,0
404,DS502,Đồ án tốt nghiệp tại doanh nghiệp,Industry Capstone Project,,KTTT,TN,,,,,10,0
405,DS505,Khóa luận tốt nghiệp,Thesis,,KTTT,KLTN,,,,DS207,10,0
406,DSAL0,Cấu trúc dữ liệu và giải thuật,Cấu trúc dữ liệu và giải thuật,,,,,,,,5,0
407,DSAL1,Cấu trúc dữ liệu và giải thuật,Data Structures and Algorithms,,TTNN,ĐC,,IT003,,,3,1
408,DSAL2,Cấu trúc dữ liệu & giải thuật nâng cao,Advanced data structures and algorithms,,KHMT,ĐC,,CS523,,,3,1
409,DTH039,Đô thị học đại cương,Introduction to Urban Studies,,PĐTĐH,CN,,,,,3,0
410,EC001,Kinh tế học đại cương,Principles of Economics,,HTTT,CSN,,,,,4,0
411,EC002,Quản trị doanh nghiệp,Business Management,,HTTT,CNTC,,,,,3,0
412,EC003,Tiếp thị căn bản,Basic Marketing,,HTTT,CN,,EC101,,,3,0
413,EC005,Giới thiệu ngành Thương mại Điện tử,Introduction to E-Commerce,,HTTT,ĐC,,CS005IE005IS005SE005CE005NT005NT015DS005AI001,,,1,0
414,EC101,Marketing căn bản,Basic Marketing,,HTTT,CN,,,,,3,0
415,EC201,Phân tích thiết kế quy trình nghiệp vụ doanh nghiệp,Business Process Analysis and Design,,HTTT,CSN,,,,,3,1
416,EC202,Nhập môn quản trị chuỗi cung ứng,Supply Chain Management,,HTTT,CNTC,,EC214,,,3,1
417,EC203,Quản trị quan hệ khách hàng và nhà cung cấp,Customer Relationship Management and Supplier Relationship Management,,HTTT,CN,,EC213,,,3,1
418,EC204,Marketing điện tử,E-Marketing,,HTTT,CN,,,,,2,1
419,EC208,Quản trị dự án thương mại điện tử,E-Commerce Project Management,,HTTT,CN,,,,,3,0
420,EC212,Thực tập doanh nghiệp,Industry Internship Program,,HTTT,TTTN,,EC222,,,3,0
421,EC213,Quản trị quan hệ khách hàng và nhà cung cấp,Customer and Supplier Relationship Management,,HTTT,CN,,,,,2,1
422,EC214,Nhập môn quản trị chuỗi cung ứng,Introduction to Supply Chain Management,,HTTT,CNTC,,,,,3,0
423,EC219,Pháp luật trong thương mại điện tử,Law in E-Commerce,,HTTT,CN,,EC229,,,3,0
424,EC222,Thực tập doanh nghiệp,Internship,,HTTT,TTTN,,,,,2,0
425,EC229,Pháp luật trong thương mại điện tử,Law in E-Commerce,,HTTT,CN,,,,,2,0
426,EC232,Nguyên lý kế toán,Principles of Accounting,,HTTT,CNTC,,,,,3,0
427,EC301,Tiếp thị trực tuyến (E-Marketing),E-Marketing,,HTTT,CN,,EC311,,,3,1
428,EC302,Thiết kế Hệ thống Thương mại điện tử,E-Commerce System Design,,HTTT,CN,,EC312,,,3,1
429,EC304,Tối ưu hóa công cụ tìm kiếm trong thương mại điện tử,Search Engine Optimization in E-Commerce,,HTTT,CN,,,,,3,0
430,EC311,Tiếp thị trực tuyến,E-Marketing,,HTTT,CN,,EC204,,,2,1
431,EC312,Thiết kế hệ thống thương mại điện tử,E-Commerce Systems Design,,HTTT,CN,,,,IS207,2,1
432,EC331,Quản trị chiến lược kinh doanh điện tử,E-Business Strategic Management,,HTTT,CNTC,,,,,3,0
433,EC332,Quản trị sản xuất,Production and Manufacturing Management,,HTTT,CNTC,,,,,3,0
434,EC333,Quản trị tài chính doanh nghiệp,Financial Management,,HTTT,CNTC,,,,,3,0
435,EC334,Quản trị kênh phân phối,Distribution Channel Management,,HTTT,CNTC,,,,,3,0
436,EC335,An toàn và bảo mật thương mại điện tử,Safety and Security in E-Commerce,,HTTT,CN,,,,IT005IS207,3,0
437,EC336,Quản trị nhân lực,Human Resources,,HTTT,CNTC,,,,,3,0
438,EC337,Hệ thống thanh toán trực tuyến,E-Payment Systems,,HTTT,CN,,,,,3,0
439,EC338,Quản trị bán hàng,Sales Management,,HTTT,CNTC,,,,,3,0
440,EC401,Khóa luận tốt nghiệp,Thesis,,HTTT,KLTN,,,,,10,0
441,EC402,Phát triển ứng dụng thương mại di động,Mobile Commerce Application Development,,HTTT,CN,,,,,3,1
442,EC403,Thương mại xã hội,Social Commerce,,HTTT,CN,,,,,3,0
443,EC404,Đồ án tốt nghiệp,Capstone Project,,HTTT,TN,,,,,6,0
444,EC405,Đồ án tốt nghiệp tại doanh nghiệp,Industry Capstone Project,,HTTT,TN,,,,,10,0
445,ECE02,Mạch số,Digital circuit,,BMTL,ĐC,,,,,3,1
446,ECON3313,Kinh tế tiền tệ,Monetary economics,,HTTT,CNTC,,,,,3,0
447,EN001,Anh văn 1,English 1,,BMAV,ĐC,,,ENBT,,4,0
448,EN001.CO,English for Communication 1,English for Communication 1,,HTTT,BT,,,,,0,0
449,EN001.GE,General English,General English,,HTTT,BT,,,,,0,0
450,EN002,Anh văn 2,English 2,,BMAV,ĐC,,EN004ENG01,EN001,,4,0
451,EN002.CO,English for Communication 1,English for Communication 1,,HTTT,BT,,,,,0,0
452,EN002.GE,General English,General English,,HTTT,BT,,,,,0,0
453,EN003,Anh văn 3,English 3,,BMAV,ĐC,,EN006EN005ENG02,EN002,,4,0
454,EN004,Anh văn 1,English 1,,BMAV,ĐC,,ENG01,,,4,0
455,EN005,Anh văn 2,English 2,,BMAV,ĐC,,ENG02,,,4,0
456,EN006,Anh văn 3,English 3,,BMAV,ĐC,,ENG03,,,4,0
457,ENBT,Anh văn Bổ túc,English 0,,BMAV,BT,,,,,0,0
458,ENG00,Anh văn 0,English 0,,TTNN,ĐC,,,,,0,0
459,ENG01,Anh văn 1,English 1,,TTNN,ĐC,,INT001EN004EN002,,,4,0
460,ENG02,Anh văn 2,English 2,,TTNN,ĐC,,INT003EN005EN003,,ENG01,4,0
461,ENG03,Anh văn 3,English 3,,TTNN,ĐC,,INT004EN006,,ENG02,4,0
462,ENG04,Anh văn 4,English 4,,TTNN,ĐC,,INT005,ENG03,,4,0
463,ENG05,Anh văn 5,English 5,,TTNN,ĐC,,INT006,ENG04,,4,0
464,ENG06,Kỹ năng thuyết trình tiếng Anh,Effective Presentation,,TTNN,CN,,,ENG03,,4,0
465,ENG07,Kỹ năng viết luận,Academic Writing,,TTNN,CN,,,ENG03,,4,0
466,ENG11,Tiếng anh tăng cường I,Intensive English I,,TTNN,ĐC,,,,,0,0
467,ENG12,Tiếng anh tăng cường II,Intensive English II,,TTNN,ĐC,,,,,0,0
468,ENG13,Tiếng Anh I,English Composition I,,TTNN,ĐC,,,,,0,0
469,ENG14,Tiếng Anh II,English Composition II,,TTNN,ĐC,,,,,0,0
470,ENG15,Tiếng Anh chuyên ngành CNTT,English for computer science,,TTNN,ĐC,,,,,0,0
471,ENGA1,Anh văn sơ cấp 1,Anh văn sơ cấp 1,,TTNN,BT,,,,,0,0
472,ENGA2,Anh văn sơ cấp 2,Anh văn sơ cấp 2,,TTNN,BT,,,,,0,0
473,ENGBT,Anh văn bổ túc,English 0,,TTNN,ĐC,,,,,0,0
474,ENGL1113,Tiếng Anh 1,English Composition 1,,HTTT,ĐC,,ENG06,,,3,0
475,ENGL1213,Tiếng Anh 2,English Composition 2,,HTTT,ĐC,ENG14,ENG07,ENGL1113,,3,0
476,ENLS1,"Nâng cao kỹ năng nghe, nói tiếng Anh 1","Nâng cao kỹ năng nghe, nói tiếng Anh 1",,TTNN,ĐC,,,,,0,0
477,ENLS2,"Nâng cao kỹ năng nghe, nói tiếng Anh 2","Nâng cao kỹ năng nghe, nói tiếng Anh 2",,TTNN,ĐC,,,,,0,0
478,ENRW1,"Nâng cao kỹ năng đọc, viết tiếng Anh 1","Nâng cao kỹ năng đọc, viết tiếng Anh 1",,TTNN,ĐC,,,,,0,0
479,ENRW2,"Nâng cao kỹ năng đọc, viết tiếng Anh 2","Nâng cao kỹ năng đọc, viết tiếng Anh 2",,TTNN,ĐC,,,,,0,0
480,GDH075,Tâm lý học giao tiếp,Communication Psychology,,PĐTĐH,CN,,,,,1,1
481,HCMT1,Tư tưởng Hồ Chí Minh,Ho Chi Minh's Ideology,,PĐTĐH,ĐC,,SS003,,,2,0
482,HCMT2,Tư tưởng Hồ Chí Minh,Tư tưởng Hồ Chí Minh,,,,,,,,3,0
483,IE005,Giới thiệu ngành Công nghệ Thông tin,Introduction to Information Technology,,KTTT,ĐC,,CS005IS005SE005CE005NT005NT015EC005DS005AI001,,,1,0
484,IE101,Cơ sở hạ tầng công nghệ thông tin,Information Technology Infrastructure,,KTTT,CSN,,,,,2,1
485,IE102,Các công nghệ nền,Platform Technologies,,KTTT,CSN,,,,,2,1
486,IE103,Quản lý thông tin,Information Management,,KTTT,CSN,,,,IT004,3,1
487,IE104,Internet và công nghệ web,Internet and Web Technology,,KTTT,CSN,,,,IT001IT005,3,1
488,IE105,Nhập môn bảo đảm và an ninh thông tin,Introduction to Information Assurance and Security,,KTTT,CSN,,,,,3,1
489,IE106,Thiết kế giao diện người dùng,User Interface Design,,KTTT,CSN,,,,IT001,3,1
490,IE107,Thiết kế giao diện người dùng,Thiết kế giao diện người dùng,,KTTT,CSN,,,,,3,1
491,IE108,Phân tích thiết kế phần mềm,Software Analysis and Design,,KTTT,CN,,,,,3,1
492,IE201,Xử lý dữ liệu thống kê,Analysis of Statistical Data,,KTTT,CN,,,,MA005MA006,3,0
493,IE202,Quản trị doanh nghiệp,Business management,,KTTT,CN,,,,,3,0
494,IE203,Hệ thống quản trị qui trình nghiệp vụ,Business Process Management Systems,,KTTT,CĐTN,,,,IT001IT004,3,1
495,IE204,Tối ưu hóa công cụ tìm kiếm,Search Engine Optimization,,KTTT,CĐTN,,,,IE104,3,1
496,IE205,Xử lý ảnh vệ tinh,Satellite Image Processing,,KTTT,CN,,,,IS351,3,0
497,IE206,Đồ án chuẩn bị tốt nghiệp,Preparing for the Graduation Project,,KTTT,ĐA,,,,,0,2
498,IE207,Đồ án,Project,,KTTT,ĐA,,,,IT001IT004,0,2
499,IE208,Kiến trúc và tích hợp hệ thống,System Integration and Architecture,,KTTT,CNTC,,,,,3,0
500,IE209,Công nghệ Java,Java Technology,,KTTT,CNTC,,IE303,,IT002,3,1
501,IE210,Hệ thống định vị toàn cầu (GPS),Global Positioning System,,KTTT,CNTC,,,,,3,0
502,IE211,Tin học môi trường,Environmental Informatics,,KTTT,CNTC,,,,,2,0
503,IE212,Công nghệ dữ liệu lớn,Big Data Technology,,KTTT,CN,,,,IT007,3,1
504,IE213,Kỹ thuật phát triển hệ thống web,Web System Development Techniques,,KTTT,CN,,,,IE104,3,1
505,IE216,Các chủ đề toán học cho khoa học dữ liệu,Topics in Mathematics of Data Science,,KTTT,CNTC,,,,,3,0
506,IE217,Máy học,Máy học,,KTTT,CNTC,,DS102,,,3,1
507,IE218,Xử lý dữ liệu lớn,Big Data Processing,,KTTT,CNTC,,,,,3,1
508,IE221,Kỹ thuật lập trình Python,Python Programming Techniques,,KTTT,CN,,,,IT001,3,1
509,IE222,Phân tích dữ liệu bằng Python,Phân tích dữ liệu bằng Python,,KTTT,CN,,,,,3,1
510,IE223,Phân tích dữ liệu bằng Python và R,Data Analysis with Python and R,,KTTT,CN,,,,,3,1
511,IE224,Phân tích dữ liệu,Data Analysis,,KTTT,CN,,IE313,,,3,1
512,IE225,Mạng kết nối,Interconnection Networks,,KTTT,CN,,,,,3,1
513,IE226,Đồ họa và trực quan hóa máy tính,Computer Graphics and Visualization,,KTTT,CN,,,,,3,1
514,IE227,Xử lý tín hiệu số cho mạng,Signal Processing over Networks,,KTTT,CN,,,,,3,1
515,IE228,Tương tác người-máy Việt Nhật,Human-Computer Interaction,,KTTT,CN,,,,,3,1
516,IE229,Trí tuệ nhân tạo Việt Nhật,Artificial Intelligence,,KTTT,CN,,,,,3,1
517,IE230,Viết báo cáo kỹ thuật bằng tiếng Nhật,Japanese Technical Writing,,KTTT,CN,,,,,0,2
518,IE231,Quản trị doanh nghiệp công nghệ thông tin,Information Technology Enterprise Management,,KTTT,CN,,,,,3,0
519,IE232,Nhập môn trí tuệ nhân tạo,Introduction to Artificial Intelligence,,KTTT,CN,,,,,3,1
520,IE233,Phân tích và mô hình mạng xã hội,Analysis and Modeling of Social Networks,,KTTT,CN,,,,,3,1
521,IE301,Quản trị quan hệ khách hàng,Customer Relationship Management,,KTTT,CNTC,,,,,3,0
522,IE302,Kiến trúc và tích hợp hệ thống,System Integration and Architecture,,KTTT,CNTC,,,,,3,0
523,IE303,Công nghệ Java,Java Technology,,KTTT,CĐTN,,,,IT002,3,1
524,IE304,Hệ thống định vị toàn cầu,Global Positioning System,,KTTT,CNTC,,,,IS251,3,0
525,IE305,Tin học môi trường,Environmental Informatics,,KTTT,CNTC,,,,IE101IS251,2,0
526,IE307,Công nghệ lập trình đa nền tảng cho ứng dụng di động,Cross-Platform Mobile Development,,KTTT,CNTC,,,,,3,1
527,IE309,Thực tập doanh nghiệp,Internship,,KTTT,TTTN,,,,,2,0
528,IE310,Tư duy thiết kế,Design Thinking,,KTTT,CN,,,,,3,0
529,IE313,Phân tích và trực quan dữ liệu,Data Analysis and Visualization,,KTTT,CN,,,,IT001,3,1
530,IE400,Chuyên đề tốt nghiệp,Graduate Seminars,,KTTT,TN,,,,,4,0
531,IE401,Tin-Sinh học,Bioinformatics,,KTTT,CĐTN,,,,IT003,3,0
532,IE402,Hệ thống thông tin địa lý 3 chiều,Three-Dimensional Geographic Information Systems,,KTTT,CĐTN,,,,IT004,3,1
533,IE403,Khai thác dữ liệu truyền thông xã hội,Social Media Mining,,KTTT,CĐTN,,,,,3,0
534,IE404,Khai phá truyền thông xã hội,Social Media Mining,,KTTT,CĐTN,,,,,3,0
535,IE405,Công nghệ phân tích dữ liệu lớn,Big Data Analysis Technologies,,KTTT,CĐTN,,,,,3,1
536,IE406,Nhập môn ẩn thông tin và ứng dụng,Data Hiding Fundamentals and Applications,,KTTT,TN,,,,,3,0
537,IE501,Đồ án tốt nghiệp,Capstone Project,,KTTT,TN,,,,IE400,6,0
538,IE502,Đồ án tốt nghiệp tại doanh nghiệp,Industry Capstone Project,,KTTT,TN,,,,,10,0
539,IE505,Khóa luận tốt nghiệp,Thesis,,KTTT,KLTN,,,,,10,0
540,IEM4733,Tái cấu trúc quy trình doanh nghiệp,Re-engineering Business Processes,,HTTT,CN,,,,MSIS3303,3,0
541,IEM5723,"Mô hình hóa dữ liệu, quy trình và đối tượng","Data, Process and Object Modeling",,HTTT,CSN,,,,,3,0
542,INI01,Thực tập quốc tế,International Internship,,PĐTĐH,CN,,,,,2,0
543,INT001,Tiếng Anh tổng quát,General English,,HTTT,BT,,ENG01,,,0,0
544,INT002,Toeic 1,TOEIC 1,,HTTT,BT,,,,,0,0
545,INT003,Tiếng Anh tổng quát 2,General English 2,,HTTT,BT,,ENG02,,,0,0
546,INT004,Toeic 2,TOEIC 2,,HTTT,BT,,ENG03,,,0,0
547,INT005,Tiếng Anh giao tiếp,Communication,,HTTT,ĐC,,ENG04,,,0,0
548,INT006,Toeic 3,TOEIC 3,,HTTT,ĐC,,ENG05,,,0,0
549,IS005,Giới thiệu ngành Hệ thống Thông tin,Introduction to Information Systems Discipline,,HTTT,ĐC,,CS005IE005SE005CE005NT005NT015EC005DS005AI001,,,1,0
550,IS101,Thiết kế cơ sở dữ liệu,Database design,,HTTT,CN,IS214,IS214,,,3,1
551,IS102,Các hệ cơ sở tri thức,Knowledge-based systems,,HTTT,CN,,CS217,,,3,0
552,IS103,Hệ quản trị cơ sở dữ liệu,Database Management Systems,,HTTT,CN,,IS210,,,3,1
553,IS104,Cơ sở dữ liệu phân tán,Distributed Databases,,HTTT,CN,,IS211,,,3,1
554,IS105,Hệ quản trị cơ sở dữ liệu Oracle,Oracle Database Management System,,HTTT,CN,,,,IT004,3,1
555,IS106,Khai thác dữ liệu,Data Mining,,HTTT,CN,,,,,3,1
556,IS107,Hệ thống thông tin kế toán,Accounting Information Systems,,HTTT,CN,,IS232,,,5,0
557,IS201,Phân tích thiết kế hệ thống,Systems Analysis and Design,,HTTT,CSN,,,,IT004IT002,3,1
558,IS202,Nhập môn công nghệ phần mềm,Software engineering,,HTTT,CN,,SE104,,,3,1
559,IS203,Lập trình cơ sở dữ liệu,Database programming,,HTTT,CN,,,,IT004,3,1
560,IS204,Nhập môn hệ thống thông tin địa lý,Introduction to Geographic Information Systems,,HTTT,CN,,IS251,,,3,1
561,IS205,PTTK hướng đối tượng với UML,Object-oriented Analysis and Design with UML,,HTTT,CN,,IS215,,,3,1
562,IS206,Lập trình ứng dụng Web với Java,Web application programming in Java,,HTTT,CN,,IS216,,IT004,3,1
563,IS207,Phát triển ứng dụng web,Web Application Development,,HTTT,CN,,,,IT004,3,1
564,IS208,Quản lý dự án công nghệ thông tin,Information Technology Project Management,,HTTT,CSN,,SE340,,,3,1
565,IS210,Hệ quản trị cơ sở dữ liệu,Database Management Systems,,HTTT,CSN,,,,IT004,3,1
566,IS211,Cơ sở dữ liệu phân tán,Distributed Databases,,HTTT,CN,IS104,IE103,,IT004IT005,3,1
567,IS212,Thực tập tốt nghiệp,Internship,,HTTT,TTTN,,,,,3,0
568,IS213,Đồ án xây dựng một hệ thống thông tin,Information system development,,HTTT,ĐA,,,,,3,0
569,IS214,Thiết kế cơ sở dữ liệu,Database design,,HTTT,CN,,,,,3,1
570,IS215,Thiết kế hướng đối tượng với UML,Object-Oriented Analysis and Design with UML,,HTTT,CSN,,,,IT002IT004,3,1
571,IS216,Lập trình Java,Programming with Java,,HTTT,CSN,,,,IT004,3,1
572,IS217,Kho dữ liệu và OLAP,Data Warehouse and OLAP,,HTTT,CN,IS304,IS304,,IT004,3,0
573,IS218,Kỹ năng tư vấn,Kỹ năng tư vấn,,HTTT,CNTC,,,,,2,0
574,IS219,Pháp luật trong Thương mại điện tử,Pháp luật trong Thương mại điện tử,,HTTT,CNTC,,,,,3,0
575,IS220,Xây dựng hệ thống thông tin trên các framework,Information Systems Development with Frameworks,,HTTT,CN,,,,,3,1
576,IS225,Khai thác dữ liệu và ứng dụng,Data mining and applications,,,CN,,,,,4,0
577,IS232,Hệ thống thông tin kế toán,Accounting Information Systems,,HTTT,CN,IS107,,,IS336,4,0
578,IS251,Nhập môn hệ thống thông tin địa lý,Introduction to Geographic Information Systems,,HTTT,CN,IS204,IS204,,IT004,3,1
579,IS252,Khai thác dữ liệu,Data Mining,,HTTT,CN,IS106,,,MA005IT004,3,1
580,IS253,Lập trình ứng dụng trên thiết bị di động,Mobile application programming,,HTTT,CN,,NT118,,IT002,2,1
581,IS254,Hệ hỗ trợ quyết định,Decision Support Systems,,HTTT,CN,,,,,3,0
582,IS301,Thương mại điện tử,E-commerce,,HTTT,CN,,IS334,,,3,0
583,IS302,Phân tích không gian,Spatial analysis,,HTTT,CN,,IS351,,,3,1
584,IS303,Hệ cơ sở dữ liệu không gian,Spatial Database Systems,,HTTT,CN,,IS352,,,3,1
585,IS3033,Quản lý dự án hệ thống thông tin,IS-Project Management,,HTTT,CN,,,,,4,0
586,IS304,Kho dữ liệu và OLAP,Data warehouse and OLAP,,HTTT,CN,,IS404IS217,,,3,1
587,IS305,An toàn và bảo mật HTTT,Information systems security & protection,,HTTT,CN,,IS335,,,3,0
588,IS306,Hệ thống thông tin quản lý,Accounting information systems,,HTTT,CN,,IS332,,,3,0
589,IS311,Đồ án hệ thống thông tin,Information Systems Project,,HTTT,ĐA,IS213,IS213,,,3,0
590,IS3303,Phân tích thiết kế hệ thống,System Analysis and Design,,HTTT,CN,,,,,4,0
591,IS332,Hệ thống thông tin quản lý,Management Information Systems,,HTTT,CN,,,,IS201,3,0
592,IS334,Thương mại điện tử,E-Commerce,,HTTT,CN,IS301,,,,3,0
593,IS335,An toàn và bảo mật hệ thống thông tin,Information Systems Security,,HTTT,CN,IS305,,,IT005IT004,3,0
594,IS336,Hoạch định nguồn lực doanh nghiệp,Enterprise Resource Planning,,HTTT,CSN,,,,,3,1
595,IS337,Cơ sở dữ liệu nâng cao,Advanced databases,,HTTT,CN,,,,,3,1
596,IS338,Dự báo kinh doanh,Markets analysis,,HTTT,CN,IS306,,,IS336,3,0
597,IS339,Sinh tin học,Bioinformatics,,HTTT,CNTC,,,,,3,0
598,IS340,Thị trường chứng khoán,Stock Market,,HTTT,CNTC,,,,,3,0
599,IS341,Khởi nghiệp,Entrepreneurship,,HTTT,CNTC,,,,,3,0
600,IS342,Chính phủ điện tử,E-Government,,HTTT,CNTC,,,,,3,0
601,IS343,Luật CNTT,Luật CNTT,,HTTT,CNTC,,,,,3,0
602,IS344,Quản trị nguồn lực y tế,Healthcare Resource Management,,HTTT,CN,,,,,2,1
603,IS345,AI trong y tế,AI in Healthcare,,HTTT,CN,,,,,3,0
604,IS346,Quản lý dự án công nghệ thông tin y tế,Healthcare Information Technology Project Management,,HTTT,CN,,,,,2,1
605,IS347,Thống kê y học,Medical Statistics,,HTTT,CN,,,,,3,0
606,IS348,Dịch tễ học,Epidemiology,,HTTT,CN,,,,,2,1
607,IS349,Hệ thống y tế,Health Systems,,HTTT,CN,,,,IT004,3,0
608,IS351,Phân tích không gian,Spatial Analysis,,HTTT,CN,IS302,,,IS251,3,1
609,IS352,Hệ cơ sở dữ liệu không gian,Spatial Database Systems,,HTTT,CN,IS303,,,IT004IS251,3,1
610,IS353,Mạng xã hội,Social Networks,,HTTT,CĐTN,,,,IT004MA004,3,0
611,IS354,Công nghệ tài chính căn bản Fintech,Introduction to Financial Technology,,HTTT,CN,,,,,3,0
612,IS355,Công nghệ Blockchain,Blockchain Technology,,HTTT,CN,,,,IT005IT004,3,1
613,IS356,Agile IT với DevOps,Agile IT with DevOps,,HTTT,CN,,,,,3,0
614,IS357,Kiến trúc hướng dịch vụ,Service Oriented Architecture,,HTTT,CN,,,,,3,0
615,IS358,Kiểm soát nhiễm khuẩn bệnh viện,Hospital Infection Control,,HTTT,CN,,,,,3,0
616,IS360,Quản lý chăm sóc và điều trị,Care Management and Treatment,,HTTT,CN,,,,,3,0
617,IS361,Quản lý chuỗi cung ứng dược và thiết bị y tế,Supply Management of Drugs and Medical Equipment,,HTTT,CN,,,,,3,0
618,IS362,Quản trị tài chính và bảo hiểm y tế,Hospital Financial Management and Health Insurance,,HTTT,CN,,,,,3,0
619,IS363,Pháp luật trong lĩnh vực y tế,Law on Health and Medical,,HTTT,CN,,,,,2,0
620,IS364,Mã tiêu chuẩn dùng chung trong y tế,Medical Coding,,HTTT,CN,,,,,3,0
621,IS401,Khóa luận tốt nghiệp,Thesis,,HTTT,KLTN,,,,,10,0
622,IS4013,"Thiết kế, quản lý và quản trị hệ CSDL","DBM design, management & administration",,HTTT,CN,,,,,3,0
623,IS402,Điện toán đám mây,Cloud Computing,,HTTT,CĐTN,,,,IT005IT007,3,0
624,IS403,Phân tích dữ liệu kinh doanh,Data Analysis in Business,,HTTT,CN,,,,MA005IT004,3,0
625,IS404,Kho dữ liệu và OLAP,Data Warehouse and OLAP,,HTTT,CĐTN,IS304,IS217,,,3,1
626,IS405,Dữ liệu lớn,Big Data,,HTTT,CĐTN,,,,IT004,3,1
627,IS406,Điện toán đám mây và dữ liệu lớn,Cloud Computing and Big Data,,HTTT,CN,,,,,3,0
628,IS407,Đồ án tốt nghiệp,Capstone Project,,HTTT,CN,,,,,6,0
629,IS4133,Công nghệ thông tin cho thương mại điện tử,Information Technologies for e-commerce,,HTTT,CN,,,,,3,0
630,IS4263,Các ứng dụng thông minh và hỗ trợ ra quyết định,Decision Support and Busi.Intelligence Applications,,HTTT,CN,,,,,3,0
631,IS4523,Hệ truyền thông dữ liệu,Data Communication Systems,,HTTT,CN,,,,,3,0
632,IS501,Thực tập cuối khóa,Internship,,HTTT,TTTN,,IS212,,,3,0
633,IS502,Thực tập doanh nghiệp,Internship,,HTTT,TTTN,,,,,2,0
634,IS503,Đồ án tốt nghiệp tại doanh nghiệp,Industry Capstone Project,,HTTT,CN,,,,,10,0
635,IS505,Khóa luận tốt nghiệp,Thesis,,HTTT,KLTN,IS401,IS401,,,10,0
636,IS5100,Thực tập cuối khóa,Internship,,HTTT,TT,,,,,4,0
637,IS6301,Phân tích thiết kế hệ thống thông tin nâng cao,Advanced Information Systems Analysis and Design,,HTTT,CN,,,,,4,3
638,IT001,Nhập môn lập trình,Introduction to Programming,,KHMT,ĐC,,IT011,,,3,1
639,IT002,Lập trình hướng đối tượng,Object-Oriented Programming,,CNPM,CSNN,OOPT1,,,IT001,3,1
640,IT003,Cấu trúc dữ liệu và giải thuật,Data Structures and Algorithms,,KHMT,CSNN,DSAL1,IT013,,IT001,3,1
641,IT004,Cơ sở dữ liệu,Databases,,HTTT,CSNN,,,,,3,1
642,IT005,Nhập môn mạng máy tính,Introduction to Computer Networks,,MMT&TT,CSNN,,,,,3,1
643,IT006,Kiến trúc máy tính,Computer Architecture,,KTMT,CSNN,,,,PH002IT001,3,0
644,IT007,Hệ điều hành,Operating Systems,,KTMT,CSNN,OSYS1,,,IT006,3,1
645,IT008,Lập trình trực quan,Visual Programming,,CNPM,CN,,WINP1,,IT001IT002,3,1
646,IT009,Giới thiệu ngành,Introduction to Information Technology Disciplines,,PĐTĐH,CSNN,,CS005IE005IS005SE005CE005NT005NT015EC005DS005,,,2,0
647,IT010,Tổ chức và cấu trúc máy tính,Computer Organization and Architecture,,KTMT,CSN,,,,,2,0
648,IT011,Nhập môn lập trình thi đấu,Introduction to Competitive Programming,,KHMT,ĐC,,IT001,,,3,1
649,IT012,Tổ chức và cấu trúc máy tính 2,Computer Structure and Organization 2,,KTMT,CSNN,,,,,3,1
650,IT013,Cấu trúc dữ liệu cho lập trình thi đấu,Data Structures and Algorithms for Competitive Programming,,KHMT,ĐC,,IT003,,,3,1
651,ITEM1,Nhập môn Quản trị doanh nghiệp,Initiation to Business Administration,,PĐTĐH,ĐC,,SE349,,,2,0
652,ITEW1,Nhập môn công tác kỹ sư,Introduction to Tasks of an Engineer,,TTNN,ĐC,,IT009SS004,,,2,0
653,ITNT005,Communication,Communication,,HTTT,BT,,,,,0,0
654,JAN01,Tiếng Nhật 1,Japanese 1,,PĐTĐH,NN,,,,,2,3
655,JAN02,Tiếng Nhật 2,Japanese 2,,PĐTĐH,NN,,,JAN01,,2,3
656,JAN03,Tiếng Nhật 3,Japanese 3,,PĐTĐH,NN,,,JAN02,,2,3
657,JAN04,Tiếng Nhật 4,Japanese 4,,PĐTĐH,NN,,,JAN03,,2,3
658,JAN05,Tiếng Nhật 5,Japanese 5,,PĐTĐH,NN,,,JAN04,,2,3
659,JAN06,Tiếng Nhật 6,Japanese 6,,PĐTĐH,NN,,,JAN05,,1,2
660,JAN07,Tiếng Nhật 7,Japanese 7,,PĐTĐH,NN,,,JAN06,,1,2
661,JAN08,Tiếng Nhật 8,Japanese 8,,PĐTĐH,NN,,,JAN07,,1,2
662,JANHU,Tiếng Nhật miễn phí do Huredee tài trợ,Japanese language (sponsored by Huredee),,P.ĐTĐH,ĐC,,,,,40,0
663,LIA01,Đại số tuyến tính,Linear Algebra,,BMTL,ĐC,,MA003,,,3,0
664,LIA11,Đại số tuyến tính,Linear Algebra,,BMTL,ĐC,,,,,3,0
665,MA001,Giải tích 1,Calculus 1,,BMTL,ĐC,,MA006,,,3,0
666,MA002,Giải tích 2,Calculus 2,,BMTL,ĐC,,MA006,,MA001,3,0
667,MA003,Đại số tuyến tính,Linear Algebra,,BMTL,ĐC,,,,,3,0
668,MA004,Cấu trúc rời rạc,Discrete Structures,,BMTL,ĐC,,,,,4,0
669,MA005,Xác suất thống kê,Probability and Statistics,,BMTL,ĐC,,,,MA006,3,0
670,MA006,Giải tích,Calculus,,BMTL,ĐC,,,,,4,0
671,MAT01,Toán cao cấp A1,Advanced mathematics A1,,BMTL,ĐC,,MA001,,,3,0
672,MAT02,Toán cao cấp A2,Advanced mathematics A2,,BMTL,ĐC,,MA002,,,4,0
673,MAT04,Cấu trúc rời rạc,Discrete Structures,,BMTL,ĐC,,MA004,,,4,0
674,MAT11,Giải tích 1,Calculus 1,,BMTL,ĐC,,,,,4,0
675,MAT12,Giải tích 2,Calculus 2,,BMTL,ĐC,,,,,3,0
676,MAT14,Toán rời rạc cho máy tính,Discrete mathematics for computer,,BMTL,ĐC,,,,,3,0
677,MAT21,Toán cao cấp A1 (TE),Advanced Mathematics A1,,BMTL,ĐC,,MA001MAT01,,,4,0
678,MAT22,Toán cao cấp A2 (TE),Advanced Mathematics A2,,BMTL,ĐC,,MA002MAT02,,,4,0
679,MAT23,Đại số tuyến tính,Linear Algebra,,BMTL,ĐC,,LIA01,,,4,0
680,MAT24,Cấu trúc rời rạc (TE),Discrete structures,,BMTL,ĐC,,,,,4,0
681,MATH2144,Giải tích 1,Calculus 1,,HTTT,ĐC,,MATH2154,,,4,0
682,MATH2153,Giải tích 2,Calculus 2,,HTTT,ĐC,MAT12,MATH2154,,MATH2144,3,0
683,MATH2154,Giải tích,Calculus,,HTTT,ĐC,,,,,4,0
684,MATH3013,Đại số tuyến tính,Linear Algebra,,HTTT,ĐC,,,,,3,0
685,ME001,Giáo dục quốc phòng,Military Education,,P.ĐTĐH,ĐC,MEDU1,,,,0,0
686,MEDU1,Giáo dục quốc phòng,Military Education,,GDQP,QP,,ME001,,,0,0
687,MKTG4223,Quản trị chuỗi cung ứng,Supply Chain Management,,HTTT,CN,,,,,3,0
688,MKTG5883,Khai phá dữ liệu và ứng dụng,Data Mining and Applications,,HTTT,CN,,,,CS5423,3,1
689,MLPE1,Kinh tế chính trị Mác-Lênin (TE),Marxism–Leninism political economy,,P.ĐTĐH,ĐC,,MLPE2,,,5,0
690,MLPE2,Kinh tế chính trị Mác-Lênin (TE1),Marxism–Leninism political economy,,P.ĐTĐH,ĐC,,,,,4,0
691,MM001,Kỹ năng truyền thông cho người làm công nghệ thông tin,Communication Skills for Information Technology Professionals,,PĐTĐH,CN,,,,,2,1
692,MM002,Truyền thông kỹ thuật số,Digital Communication,,PĐTĐH,CN,,,,,2,1
693,MM003,Quản trị sự kiện,Event Management,,CNPM,CN,,,,,3,1
694,MM004,Nguyên lý thiết kế đồ hoạ,Principles of Graphic Design,,CNPM,CN,,,,,0,2
695,MM005,Nhập môn marketing,Introduction to Marketing,,CNPM,ĐC,,,,,2,0
696,MM006,Tâm lý học đại cương,Introduction to Psychology,,CNPM,ĐC,,,,,2,0
697,MM007,Tư duy sáng tạo và xu hướng thiết kế truyền thông,Creative Thinking and Media Design Trends,,CNPM,ĐC,,,,,2,0
698,MM008,Kỹ năng truyền thông ứng dụng,Applied Communication Skills,,CNPM,ĐC,,,,,2,0
699,MM101,Giới thiệu ngành Truyền thông đa phương tiện,Introduction to Multimedia,,CNPM,CSN,,,,,1,0
700,MM102,Lý luận truyền thông đại chúng,Foundations of Mass Communication,,CNPM,CSN,,,,,3,0
701,MM103,Cơ sở tạo hình và nguyên lý thị giác,Basics of Form Creation and Visual Principles,,CNPM,CSN,,,,,2,0
702,MM104,Viết nội dung đa phương tiện,Strategic Multimedia Writing,,CNPM,CSN,,,,,3,0
703,MM105,Nhập môn kỹ thuật sản xuất nội dung đa phương tiện,Introduction to Multimedia Production,,CNPM,CSN,,,,,2,1
704,MM106,Thu thập và phân tích khám phá dữ liệu truyền thông đa phương tiện,Data Collection and Exploratory Analysis for Multimedia,,CNPM,CSN,,,,IT001,2,1
705,MM107,Học máy ứng dụng trong truyền thông đa phương tiện,Applied Machine Learning for Multimedia,,CNPM,CSN,,,,IT001,2,1
706,MM108,Tiếp thị số,Digital Marketing,,CNPM,CSN,,,,,2,1
707,MM109,Thiết kế đồ họa,Graphic Design Principles,,CNPM,CSN,,,,,3,1
708,MM110,Màu sắc và tâm lý thị giác trong thiết kế truyền thông,Color and Visual Perception Psychology in Media Design,,CNPM,CSN,,,,,2,0
709,MM201,Truyền thông và dư luận xã hội,Media and Public Discourse,,CNPM,CN,,,,IT001,3,1
710,MM202,Học sâu ứng dụng trong truyền thông đa phương tiện,Applied Deep Learning for Multimedia,,CNPM,CN,,,,,3,1
711,MM203,Xử lý ngôn ngữ tự nhiên cho truyền thông đa phương tiện,Natural Language Processing for Multimedia,,CNPM,CN,,,,,3,1
712,MM204,Xử lý ảnh số và video trong truyền thông đa phương tiện,Digital Image and Video Processing for Multimedia,,CNPM,CN,,,,,3,1
713,MM205,Phân tích và hiểu nội dung đa phương thức,Multimodal Data Analysis and Understanding,,CNPM,CĐTN,,,,,3,1
714,MM206,Dữ liệu lớn ứng dụng trong truyền thông đa phương tiện,Big Data Applied in Multimedia,,CNPM,CN,,,,IT007,3,1
715,MM207,Hệ thống khai phá dữ liệu mạng xã hội,Developing Social Network Data Mining Systems,,CNPM,CĐTN,,,,,3,1
716,MM208,Thiết kế và sản xuất ấn phẩm,Publication Design and Production,,CNPM,CN,,,,,3,1
717,MM209,Nghiệp vụ truyền thông và báo chí,Press Communication Profession,,CNPM,CN,,,,MM104,3,1
718,MM210,Kỹ thuật quay phim biên kịch và hậu kỳ,"Video Recording, Screen Writing and Post Processing Techniques",,CNPM,CĐTN,,,,,3,1
719,MM211,Thực tế ảo và thực tế tăng cường,Virtual and Augmented Reality,,CNPM,CN,,,,,3,1
720,MM212,Hoạt hình,Animation,,CNPM,CN,,,,,2,1
721,MM213,Quản lý dự án truyền thông đa phương tiện,Multimedia Project Management,,CNPM,CĐTN,,,,,3,1
722,MM214,Chiến lược phát triển thương hiệu,Brand Development Strategy,,CNPM,CN,,,,,3,0
723,MM215,Quan hệ công chúng trong marketing,Public Relations for Marketing,,CNPM,CN,,,,,3,0
724,MM216,Tối ưu hóa và tiếp thị trên công cụ tìm kiếm,Search Engine Optimization and Marketing,,CNPM,CN,,,,,3,1
725,MM217,Tiếp thị cho sản phẩm dịch vụ,Marketing for Service Products,,CNPM,CN,,,,,3,0
726,MM218,Xây dựng kênh tiếp thị trực tuyến,Building Online Marketing Channels,,CNPM,CN,,,,,3,0
727,MM219,Quản trị mối quan hệ khách hàng định hướng dữ liệu,Data Driven Customer Relationship Management,,CNPM,CĐTN,,,,,3,1
728,MM220,Phân tích dữ liệu truyền thông số,Digital Media Data Analytics,,CNPM,CĐTN,,,,,3,1
729,MM221,Chuyên đề các vấn đề hiện đại trong truyền thông đa phương tiện,Seminar on Modern Topics in Multimedia,,CNPM,CN,,,,,3,0
730,MM222,An ninh thông tin trong truyền thông đa phương tiện,Information Security in Multimedia,,CNPM,CN,,,,IT007,3,1
731,MM223,Kể chuyện tương tác,Interactive Storytelling,,CNPM,CN,,,,,3,1
732,MM224,Hình họa cơ bản,Basic Drawing and Visual Observation,,CNPM,CN,,,,,3,1
733,MM301,Đồ án truyền thông đa phương tiện,Multimedia Projects,,CNPM,CN,,,,,0,2
734,MM302,Thực tập,Internship,,CNPM,CN,,,,,0,2
735,MM304,Khởi nghiệp ngành Truyền thông đa phương tiện,Startup in Multimedia,,CNPM,CN,,,,,2,0
736,MM504,Đồ án tốt nghiệp,Capstone Project,,CNPM,DATN,,,,,0,6
737,MM505,Khóa luận tốt nghiệp,Thesis,,CNPM,KLTN,,,,,0,10
738,MM506,Đồ án tốt nghiệp tại doanh nghiệp,Industry Capstone Project,,CNPM,DATNDN,,,,,0,10
739,MSIS207,Phát triển ứng dụng web,Web Application Development,,HTTT,CN,,,,CS5423CS2134,3,1
740,MSIS2433,Lập trình hướng đối tượng,Object-Oriented Programming,,HTTT,CSN,,,,CS2134,3,0
741,MSIS3033,Quản lý dự án hệ thống thông tin,Information Systems Project Management,,HTTT,CSN,,,,,3,0
742,MSIS3233,Khoa học quản lý,Management Science,,HTTT,CN,,,,MATH2154,3,0
743,MSIS3242,Quản lý chất lượng phần mềm,Software Quality Management,,HTTT,CN,,,,,3,0
744,MSIS3243,Lý thuyết quyết định quản lý,Managerial Decision Theory,,HTTT,CN,,,,MATH2153,3,0
745,MSIS3303,Phân tích thiết kế hệ thống,Systems Analysis and Design,,HTTT,CN,IS3303,,,CS5423,3,1
746,MSIS4013,"Thiết kế, quản lý và quản trị hệ cơ sở dữ liệu","Database Systems Design, Management and Administration",,HTTT,CN,,,,CS5423,3,0
747,MSIS402,Điện toán đám mây,Cloud Computing,,HTTT,CN,,,,,3,0
748,MSIS405,Dữ liệu lớn,Big Data,,HTTT,CN,,,,,3,0
749,MSIS406,Dữ liệu lớn trên nền điện toán đám mây,Big Data in Cloud Computing,,HTTT,CN,,,,,3,1
750,MSIS4133,Công nghệ thông tin trong thương mại điện tử,Information Technologies for E-Commerce,,HTTT,CN,,,,,3,0
751,MSIS4243,Điều khiển và giám sát hệ thống thông tin,Control and Audit of Information Systems,,HTTT,CN,,,,,3,0
752,MSIS4263,Các ứng dụng thông minh và hỗ trợ ra quyết định,Decision Support and Intelligent Applications,,HTTT,CN,IS4263,,,,3,0
753,MSIS4363,Các chủ đề nâng cao trong phát triển hệ thống,Advanced topics in systems development,,HTTT,CNTC,,,,,3,0
754,MSIS4443,Các hệ thống mô phỏng trên máy tính,Computer-based Simulation Systems,,HTTT,CN,,,,,3,0
755,MSIS4523,Hệ truyền thông dữ liệu,Data Communication Systems,,HTTT,CN,IS4523,ACCT5123,,,3,0
756,MSIS4800,Hệ thống thông tin tính toán,Accounting information system,,HTTT,CNTC,,,,,3,0
757,MSIS4801,Quản lý thông tin địa lý,Geospatial information management,,HTTT,CNTC,IS4801,,,,3,1
758,MSIS5723,Phân tích thiết kế hệ thống thông tin,Information Systems Analysis and Design,,HTTT,CN,,,,IT004,3,1
759,NHJP1,Tiếng Nhật Sơ cấp 1,Japanese for Beginners 1,,PĐTĐH,BT,,,,,0,0
760,NHJP2,Tiếng Nhật Sơ cấp 2,Japanese for Beginners 2,,PĐTĐH,BT,,,,,0,0
761,NNH050,Ngôn ngữ quảng cáo,The Language of Advertising,,PĐTĐH,CN,,,,,2,0
762,NT005,Giới thiệu ngành Mạng máy tính và Truyền thông dữ liệu,Introduction to Computer Networks and Data Communication,,MMT&TT,ĐC,,CS005IE005IS005SE005CE005NT015EC005DS005AI001,,,1,0
763,NT008,Mạng truyền thông và di động,Mạng truyền thông và di động,,,,,,,,4,0
764,NT009,Lập trình ứng dụng Mạng,Lập trình ứng dụng Mạng,,,,,,,,4,0
765,NT015,Giới thiệu ngành An toàn Thông tin,Introduction to Information Security Programs,,MMT&TT,ĐC,,CS005IE005IS005SE005CE005NT005EC005DS005AI001,,,1,0
766,NT101,An toàn mạng máy tính,Network Security,,MMT&TT,CSN,,NT140,,IT005,3,1
767,NT102,Điện tử cho công nghệ thông tin,Electronics for information technology,,MMT&TT,CSN,,PH002,,,3,1
768,NT103,Hệ điều hành Linux,Linux Operating Systems,,MMT&TT,CNTC,NT309,NT131,,,3,1
769,NT104,Lý thuyết thông tin,Information Theory,,MMT&TT,CSN,,,,IT001,3,0
770,NT105,Truyền dữ liệu,Data Communications,,MMT&TT,CSN,,,,IT005,3,1
771,NT106,Lập trình mạng căn bản,Basic Network Programming,,MMT&TT,CSN,,,,IT005IT001,2,1
772,NT107,Xử lý tín hiệu trong truyển thông,Signal Processing for Communications,,MMT&TT,CN,,NT332,,,3,1
773,NT108,Mạng truyền thông và di động,Communication and mobile networks,,MMT&TT,CN,,NT132,,,3,0
774,NT109,Lập trình ứng dụng mạng,Network-Based Application Development,,MMT&TT,CSN,,,,IT004NT106,2,1
775,NT110,Tín hiệu và mạch,Signals and circuits,,MMT&TT,CN,,PH001,,IT002,3,0
776,NT111,Thiết bị mạng và truyền thông ĐPT,Network appliances and multimedia communications,,MMT&TT,CNTC,,,,IT005,3,1
777,NT112,Công nghệ mạng viễn thông,Communications technology,,MMT&TT,CN,,NT402,,IT005,2,1
778,NT113,Thiết kế mạng,Network Design,,MMT&TT,CSN,,,,NT132,2,1
779,NT114,Đồ án chuyên ngành,Specialized Project,,MMT&TT,ĐA,,,,,0,2
780,NT115,Thực tập doanh nghiệp,Internship,,MMT&TT,TTTN,,NT215,,,3,0
781,NT116,Kỹ năng mềm,Soft skills,,MMT&TT,CN,,SS004,,,0,2
782,NT117,Đồ án môn học lập trình ứng dụng mạng,Network-Based Application Programming Project,,MMT&TT,ĐA,NT202,,,,0,2
783,NT118,Phát triển ứng dụng trên thiết bị di động,Mobile Application Development,,MMT&TT,CSN,NT305,,,IT002,2,1
784,NT119,Mật mã học,Cryptography,,MMT&TT,CSN,,NT219,,MA001MA002,3,1
785,NT121,Thiết bị mạng và truyền thông đa phương tiện,Network Appliances and Multimedia Communications,,MMT&TT,CĐTN,,NT111,,,2,1
786,NT130,Cơ chế hoạt động của mã độc,Malware modus operandi,,MMT&TT,CSN,,NT230,,IT007NT101,3,1
787,NT131,Hệ thống nhúng mạng không dây,Wireless Embedded Network Systems,,MMT&TT,CSN,,,,IT007,3,1
788,NT132,Quản trị mạng và hệ thống,Networks and Systems Administration,,MMT&TT,CSN,,,,IT005,3,1
789,NT133,An toàn kiến trúc hệ thống,Systems Architecture Security,,MMT&TT,CN,,,,IT006IT007,2,1
790,NT137,Kỹ thuật phân tích mã độc,Malware Analysis Techniques,,MMT&TT,CN,,,,,2,1
791,NT140,An toàn mạng,Network Security,,MMT&TT,CN,,,,IT005,3,1
792,NT201,Phân tích thiết kế hệ thống truyền thông và mạng,Communication and Network Systems Analysis and Design,,MMT&TT,CNTC,,NT532,,,3,0
793,NT202,Đồ án môn Lập trình ứng dụng mạng,Project on Nerwork-Application Programming,,MMT&TT,ĐA,,NT117,,,0,2
794,NT203,Đồ án chuyên ngành,Specialized Project,,MMT&TT,ĐA,,NT114,,,0,2
795,NT204,"Hệ thống tìm kiếm, phát hiện và ngăn ngừa xâm nhập",Intrusion Detection and Prevention Systems,,MMT&TT,CN,NT321,,,,2,1
796,NT205,Tấn công mạng,Network Offences,,MMT&TT,CNTC,,,,NT101,2,1
797,NT206,Quản trị hệ thống mạng,Computer network administration,,MMT&TT,CN,"NT301,NT006",NT531,,IT005,2,1
798,NT207,Quản lý rủi ro và an toàn thông tin trong doanh nghiệp,Risk Management and Information Security in Enterprise,,MMT&TT,CN,,,,NT101,2,1
799,NT208,Lập trình ứng dụng web,Web-Based Application Development,,MMT&TT,CNTC,,NT507NT307NT533,,IT002IT004,2,1
800,NT209,Lập trình hệ thống,Computer System Programming,,MMT&TT,CSN,,,,IT006IT001,2,1
801,NT210,Thương mại điện tử và triển khai ứng dụng,E-Commerce and Applications,,MMT&TT,CĐTN,NT502,,,IT005NT106,2,1
802,NT211,"An ninh nhân sự, định danh và chứng thực","Personnel Security, Identification, and Authentication",,MMT&TT,CNTC,,,,,2,1
803,NT212,"An toàn dữ liệu, khôi phục thông tin sau sự cố",Data Integrity and Disaster Recovery,,MMT&TT,CNTC,,,,IT003IT006IT007,2,1
804,NT213,Bảo mật web và ứng dụng,Web and Application Security,,MMT&TT,CN,,,,NT208,2,1
805,NT215,Thực tập doanh nghiệp,Internship,,MMT&TT,TTTN,,,,,2,0
806,NT216,Bảo mật hệ thống dữ liệu,Data System Security,,MMT&TT,CNTC,,,,,2,1
807,NT219,Mật mã học,Cryptography,,MMT&TT,CN,,NT119,,,2,1
808,NT230,Cơ chế hoạt động của mã độc,Malware: Modes of Operation,,MMT&TT,CSN,,NT130,,NT209,2,1
809,NT301,Quản trị hệ thống mạng,Computer network administration,,MMT&TT,CN,,NT206NT531,,,2,1
810,NT302,Xây dựng chuẩn chính sách an toàn thông tin trong doanh nghiệp,Enterprise information security policy,,MMT&TT,CN,,NT331,,,2,1
811,NT303,Công nghệ thoại IP,VoIP Phone Technology,,MMT&TT,CN,,NT536,,NT105,2,1
812,NT304,Ứng dụng truyền thông và an ninh thông tin,Applications of communications and information security,,MMT&TT,CN,,,,,2,1
813,NT305,Phát triển ứng dụng trên  thiết bị di động,Mobile Application Development,,MMT&TT,CN,,NT118,,,2,1
814,NT306,Kỹ thuật lập trình mạng trên Linux,Network programming techniques on Linux,,MMT&TT,CN,,,,,3,0
815,NT307,Xây dựng ứng dụng web,Web application development,,MMT&TT,CN,,NT208NT533,,,2,1
816,NT309,Lập trình trên Linux,Programming on Linux,,MMT&TT,CN,,,,,2,1
817,NT310,Pháp chứng mạng di động,Digital Forensics,,MMT&TT,CNTC,,,,NT101,2,1
818,NT311,Công nghệ tường lửa và bảo vệ mạng ngoại vi,Firewall Technology and Perimeter Protection,,MMT&TT,CNTC,,,,NT101,2,1
819,NT312,Bảo mật với smartcard và NFC,Smart Card and NFC Security,,MMT&TT,CNTC,,,,NT101,2,1
820,NT320,Công nghệ vệ tinh,Satelite technology,,MMT&TT,CN,,,,,3,0
821,NT321,"Hệ thống tìm kiếm, phát hiện và ngăn ngừa xâm nhập",Intrusion Detection and Prevention System,,MMT&TT,CN,,NT204,,,2,1
822,NT330,An toàn mạng không dây và di động,Wireless Network and Mobile Security,,MMT&TT,CN,,NT108,,NT101,2,1
823,NT331,Xây dựng chuẩn chính sách an toàn thông tin trong doanh nghiệp,Building Enterprise Information Security Policies,,MMT&TT,CN,NT302,,,IT005NT101,2,1
824,NT332,Xử lý tín hiệu trong truyền thông,Signal Processing in Communications,,MMT&TT,CĐTN,NT107,,,IT005,3,1
825,NT333,Tính toán lưới,Grid Computing,,MMT&TT,CNTC,NT403,,,IT005NT106,2,1
826,NT334,Pháp chứng kỹ thuật số,Digital Forensics,,MMT&TT,CN,,,,,2,1
827,NT395,Phát triển ứng dụng trên thiết bị di động,Mobile application development,,MMT&TT,CN,,,,,2,1
828,NT400,An toàn mạng nâng cao,An toàn mạng nâng cao,,,,,,,,4,0
829,NT401,An toàn mạng nâng cao,Advanced network security,,MMT&TT,CN,,,,,2,1
830,NT402,Công nghệ mạng viễn thông,Telecommunications Technology,,MMT&TT,CN,NT112,NT404,,NT105,2,1
831,NT403,Tính toán lưới,Net Computing,,MMT&TT,CN,,NT333,,,2,1
832,NT404,Khóa luận tốt nghiệp,Thesis,,MMT&TT,KLTN,,,,,10,0
833,NT405,Bảo mật Internet,Internet Security,,MMT&TT,CĐTN,NT503,,,NT101IT005,2,1
834,NT406,Đồ án tốt nghiệp,Graduation Project,,MMT&TT,CĐTN,NT504,,,,4,0
835,NT407,Pháp chứng kỹ thuật số,Digital Forensics,,MMT&TT,CN,,NT334,,,2,1
836,NT408,Bảo mật trên Internet,Cyber security,,MMT&TT,CN,,,,,3,1
837,NT501,Thực tập doanh nghiệp,Internship,,MMT&TT,TTTN,,NT115,,,3,0
838,NT502,Thương mại Điện tử và Triển khai ứng dụng,E-commerce and applications,,MMT&TT,CĐTN,,NT210,,IT005NT101NT109,2,1
839,NT503,Bảo mật Internet,Cyber security,,MMT&TT,CĐTN,,NT405,,IT005NT101,2,1
840,NT504,Tiểu luận tốt nghiệp,Graduation Project,,MMT&TT,CĐTN,NT406,NT406,,NT114NT117,4,0
841,NT505,Khóa luận tốt nghiệp,Thesis,,MMT&TT,KLTN,,,,,10,0
842,NT506,Đồ án tốt nghiệp tại doanh nghiệp,Industry Capstone Project,,MMT,TN,,,,,10,0
843,NT507,Xây dựng ứng dụng web,Web application development,,MMT&TT,CĐTN,,NT208,,,2,1
844,NT508,Đồ án tốt nghiệp,Capstone Project,,MMT,TN,,,,,6,0
845,NT509,Hệ thống đa tác tử di động thông minh,Intelligent mobile multi-agent systems,,MMT&TT,CĐTN,,,,,2,1
846,NT521,Lập trình an toàn và khai thác lỗ hổng phần mềm,Secure Programming and Exploiting Vulnerabilities,,MMT&TT,CNTC,,,,IT002NT209,3,1
847,NT522,Phương pháp học máy trong an toàn thông tin,Machine Learning for Information Security,,MMT&TT,CNTC,,,,,2,1
848,NT523,An toàn thông tin trong kỷ nguyên máy tính lượng tử,Cybersecurity in the Quantum Era,,MMT&TT,CNTC,,,,MA003,2,1
849,NT524,Kiến trúc và bảo mật điện toán đám mây,Cloud Architecture and Security,,MMT&TT,CN,,,,IT005,3,1
850,NT531,Đánh giá hiệu năng hệ thống mạng máy tính,Modeling and Performance Evaluation of Network and Computer Systems,,MMT&TT,CN,,,,NT132,2,1
851,NT532,Công nghệ Internet of things hiện đại,Advanced Internet of Things Technologies,,MMT&TT,CNTC,,,,,2,1
852,NT533,Hệ tính toán phân bố,Distributed Computing Systems,,MMT&TT,CN,,,,IT005,2,1
853,NT534,An toàn mạng máy tính nâng cao,Advanced Network Security,,MMT&TT,CSN,,,,NT101,2,1
854,NT535,Bảo mật Internet of things,Security and Privacy in Internet of Things,,MMT&TT,CNTC,,,,NT101,2,1
855,NT536,Công nghệ truyền thông đa phương tiện,Multimedia Communication Technologies,,MMT&TT,CN,,,,,2,1
856,NT537,Truyền thông xã hội và kinh doanh,Social Media and Business Practices,,MMT&TT,CN,,,,,3,0
857,NT538,Giải thuật xử lý song song và phân bố,Algorithms in Parallel and Distributed Computing,,MMT&TT,CN,,,,IT005,2,1
858,NT539,AI ứng dụng trong mạng và truyền thông,Artificial Intelligence for Networking and Communications,,MMT&TT,TN,,,,IT005,3,1
859,NT540,Mạng không dây thế hệ mới,Next-Generation Wireless Networks,,MMT&TT,CN,,,,NT105,2,1
860,NT541,Công nghệ mạng khả lập trình,Reprogramming Network Technologies,,MMT&TT,CN,,,,,3,1
861,NT542,Lập trình kịch bản tự động hóa cho quản trị và bảo mật mạng,Scripting for Automation in Administration and Security,,MMT&TT,CN,,,,NT132,2,1
862,NT543,Tín hiệu và hệ thống thông tin,Signals and Communication Systems,,MMT&TT,CN,,,,NT105,2,1
863,NT544,Ăng ten và truyền thông vô tuyến,Antenna and Telecommunications,,MMT&TT,CN,,,,NT105,3,1
864,NT545,Thiết kế hệ thống viễn thông,Fundamental Techniques in Telecommunication System Design,,MMT&TT,CN,,,,NT402,2,1
865,NT546,Thiết kế và triển khai mạng tốc độ cao,Design and Implementation of High-Speed Networks,,MMT&TT,CN,,,,NT113,2,1
866,NT547,"Blockchain: Nền tảng, ứng dụng và bảo mật","Blockchain: Fundamentals, Applications and Security",,MMT&TT,CN,,,,,2,1
867,NT548,Công nghệ DevOps và ứng dụng,DevOps Technology and Its Applications,,MMT&TT,CĐTN,,,,IT005,3,1
868,NT549,Học máy tăng cường cho các hệ thống mạng,Reinforcement Learning for Networked Systems,,MMT&TT,CN,,,,IT005IT002,3,1
869,OOPT1,Lập trình hướng đối tượng,Object-Oriented Programming,,CNPM,ĐC,,IT002,,,3,1
870,OOPT2,Lập trình hướng đối tượng,Object-oriented programming,,CNPM,CSNN,,,,,4,1
871,OSYS1,Hệ điều hành,Operating Systems,,MMT&TT,ĐC,,IT007,,,3,0
872,OSYS2,Hệ điều hành,Operating systems,,MMT&TT,ĐC,,IT007,,,3,0
873,OSYS3,Hệ điều hành,Hệ điều hành,,,,,,,,4,0
874,PE001,Giáo dục thể chất 1,Physical education 1,,PĐTĐH,TC,PEDU1,PE012,,,0,0
875,PE002,Giáo dục thể chất 2,Physical education 2,,PĐTĐH,TC,PEDU2,PE012,,,0,0
876,PE003,Giáo dục thể chất 3,Physical education 3,,TTNN,TC,,,,,0,0
877,PE012,Giáo dục thể chất,Physical education,,PĐTĐH,TC,,PE231PE232,,,0,0
878,PE231,Giáo dục thể chất 1,Physical Education 1,,PĐTĐH,TC,,,,,0,0
879,PE232,Giáo dục thể chất 2,Physical Education 2,,PĐTĐH,TC,,,,PE231,0,0
880,PEDU1,Giáo dục thể chất 1,Physical Education 1,,GDTC,TC,,PE001,,,0,0
881,PEDU2,Giáo dục thể chất 2,Physical Education 2,,PĐTĐH,TC,,PE002,,,0,0
882,PH001,Nhập môn điện tử,Introduction to Electrical Engineering,,BMTL,ĐC,,,,,3,0
883,PH002,Nhập môn mạch số,Introduction to Digital Circuits,,KTMT,ĐC,,CE102NT102,,,3,1
884,PH003,Vật lý kỹ thuật,Technical physics,,BMTL,ĐC,,PHY02PH002,,,4,0
885,PHIL1,Những NLCB của chủ nghĩa Mác-Lênin,Fundamental Principles of Marxism-Leninism,,BMAV,ĐC,,SS001,,,5,0
886,PHIL2,Triết học Mác-Lênin,Marxist-Leninist philosophy,,P.ĐTĐH,ĐC,,,,,5,0
887,PHY01,Vật lý đại cương A1,General physics A1,,BMTL,ĐC,,PH001,,,3,0
888,PHY02,Vật lý đại cương A2,General physics A2,,BMTL,ĐC,,PH002,,,3,0
889,PHY03,Vật lý đại cương A3,General physics A3,,BMTL,ĐC,,,,,2,0
890,PHY11,General Physics 1,General Physics 1,,BMTL,ĐC,,,,,4,0
891,PHY12,General Physics 2,General Physics 2,,BMTL,ĐC,,,,,4,0
892,PHY22,Vật lý đại cương A2 (TE1),General physics A2,,BMTL,ĐC,,,,,4,0
893,PHYS1114,Vật lý đại cương 1,General Physics 1,,HTTT,ĐC,,PHYS1215,,,4,0
894,PHYS1214,Vật lý đại cương 2,General Physics 2,,HTTT,ĐC,PHY12,PHYS1215,,PHYS1114,4,0
895,PHYS1215,Vật lý đại cương,General Physics,,HTTT,ĐC,,,,,3,0
896,QTE111,Văn hóa giao tiếp,Intercultural Communication,,PĐTĐH,CN,,,,,2,0
897,SC203,Phương pháp nghiên cứu khoa học,Scientific Research Methodology,,HTTT,CNTC,,,,,3,0
898,SE005,Giới thiệu ngành Kỹ thuật Phần mềm,Introduction to Software Engineering,,CNPM,ĐC,,CS005IE005IS005CE005NT005NT015EC005DS005AI001,,,1,0
899,SE100,Phương pháp phát triển phần mềm hướng đối tượng,Object-Oriented Software Development Methodology,,CNPM,CSN,,,,SE104IT008,3,1
900,SE101,Phương pháp mô hình hóa,Modeling Methods,,CNPM,CSN,,,,IT001IT002IT003,3,0
901,SE102,Nhập môn phát triển game,Introduction to Game Development,,CNPM,CSN,,,,IT001,2,1
902,SE103,Các phương pháp lập trình,Programming Paradigms,,CNPM,CN,,SE334,,,2,1
903,SE104,Nhập môn Công nghệ phần mềm,Introduction to Software Engineering,,CNPM,CSN,,,,IT002IT004,3,1
904,SE105,Lập trình nhúng căn bản,Embedded-system Programming,,CNPM,CN,,CE211,,,2,1
905,SE106,Đặc tả hình thức,Formal Specification,,CNPM,CSN,,,,IT001IT003SE104IT002,4,0
906,SE107,Phân tích thiết kế hệ thống,System analysis and design,,CNPM,CN,SE207,IS201,,IT002IT004SE104,3,1
907,SE108,Kiểm chứng phần mềm,Software testing,,CNPM,CSN,,SE113,,IT001SE104,2,1
908,SE109,"Phát triển, vận hành, bảo trì phần mềm","Software Development, Deployment and Maintenance",,CNPM,CSN,SE209,,,SE104,3,0
909,SE110,Phương pháp Phát triển phần mềm hướng đối tượng,Phương pháp Phát triển phần mềm hướng đối tượng,,CNPM,CN,,,,,3,1
910,SE111,Đồ án mã nguồn mở,Open Source Project,,CNPM,CSN,SE417,SE121,,IT001IT002IT003IT004SE104,2,0
911,SE112,Đồ án chuyên ngành,Specialized Project,,CNPM,CSN,SE418,SE122,,IT002IT003IT004SE104,2,0
912,SE113,Kiểm chứng phần mềm,Software Testing,,CNPM,CNTC,,,,SE104,3,1
913,SE114,Nhập môn ứng dụng di động,Mobile Application Overview,,CNPM,CSN,,,,IT001IT002,2,1
914,SE115,Phát triển game với Unity,Game Development with Unity,,CNPM,CSN,,,,IT001IT002,2,1
915,SE116,Phát triển kỹ năng lập trình game ứng dụng trong thực tế,Skill Development in Game Programming for Real Projects,,CNPM,CSN,,,,,3,1
916,SE117,Kỹ thuật lập trình,Programming Techniques,,CNPM,CN,,,,IT001,3,1
917,SE121,Đồ án 1,Project 1,,CNPM,CSN,,,,SE104,2,0
918,SE122,Đồ án 2,Project 2,,CNPM,CSN,,,,SE121,2,0
919,SE207,Phân tích thiết kế hệ thống,System Analysis and Design,,CNPM,CN,,SE107,,,3,1
920,SE208,Kiểm chứng phần mềm,Software Testing,,CNPM,CN,,SE108,,,2,1
921,SE209,"Phát triển, vận hành, bảo trì phần mềm","Software Development, Deployment and Maintenance",,CNPM,CN,,SE109,,,3,0
922,SE210,Quản lý dự án công nghệ thông tin,Information-Technology Project Management,,CNPM,CN,,IS208,,,3,1
923,SE211,Phát triển phần mềm hướng đối tượng,Object-oriented Software Development Methodology,,CNPM,CN,,SE100,,,3,1
924,SE212,Phát triển phần mềm mã nguồn mở,Open-source Software Development,,CNPM,CN,,SE331,,,2,1
925,SE213,Xử lý phân bố,Distributed Computing,,CNPM,CN,,SE339,,,2,1
926,SE214,Công nghệ phần mềm chuyên sâu,Advanced Software Engineering,,CNPM,CN,,,,SE104IT001IT003,3,1
927,SE215,Giao tiếp người máy,Human-Computer Interaction,,CNPM,CN,,,,SE104,3,1
928,SE220,Thiết kế game,Game Design,,CNPM,CN,SE323,,,,3,0
929,SE221,Lập trình game nâng cao,Advanced Game Programming,,CNPM,CN,,,,SE102,3,1
930,SE301,Phát triển phần mềm mã nguồn mở,Open Source Software Development,,CNPM,CN,SE212,,,IT003IT004IT002SE104SE109IT001,3,0
931,SE310,Công nghệ .NET,.NET Technology,,CNPM,CNTC,SE312,,,IT008,3,1
932,SE311,Ngôn ngữ lập trình Java,Java Programming Language,,CNPM,CN,,SE330,,,3,1
933,SE312,Công nghệ .NET,.Net Technology,,CNPM,CN,,SE310,,IT004SE104SE347,3,1
934,SE313,Một số thuật toán thông minh,Intelligent Algorithms,,CNPM,CNTC,SE337,,,IT002IT003IT001,2,0
935,SE314,Công nghệ game 3D,3D Game Technology,,CNPM,CN,,,,,2,1
936,SE315,Công nghệ game online,Technology for Online Game Development,,CNPM,CN,,,,IT002IT004,3,1
937,SE316,Phát triển game đa nền tảng,Cross-Platform Game Development,,CNPM,CN,,,,SE115,2,1
938,SE317,Công nghệ tiên tiến trong phát triển game,Advanced Technologies in Game Development,,CNPM,CN,,,,,2,1
939,SE320,Lập trình đồ họa 3 chiều với Direct3D,3D Programming with Direct3D,,CNPM,CNTC,,,,SE102,3,1
940,SE321,Lập trình trên thiết bị di động,Mobile Device Application Development,,CNPM,CN,,SE346,,,4,0
941,SE322,Công nghệ Web và ứng dụng,Web Technology and Applications,,CNPM,CN,,SE341,,,2,0
942,SE323,Thiết kế Game,Introduction to game design,,CNPM,CN,,SE220,,,4,0
943,SE324,Nhập môn lập trình 3D game,3D game engine design,,CNPM,CN,,,,,3,1
944,SE325,Chuyên đề J2EE,J2EE,,CNPM,CNTC,,,,IT002IT003IT004,3,1
945,SE326,Cơ sở dữ liệu nâng cao,Advanced Databases,,CNPM,CN,,IS337,,,2,0
946,SE327,Phát triển và vận hành game,Game Development and Operations,,CNPM,CNTC,,,,SE102,3,0
947,SE328,Lập trình trí tuệ nhân tạo trong game,Artificial Intelligent in Game Development,,CNPM,CNTC,SE334,,,IT002IT003SE102,3,1
948,SE329,Thiết kế 3D Game Engine,3D Game Engine Design,,CNPM,CNTC,,,,SE102,3,1
949,SE330,Ngôn ngữ lập trình Java,Java Programming Language,,CNPM,CSN,SE311,,,IT001IT002,3,1
950,SE331,Chuyên đề E-commerce,E-Commerce,,CNPM,CNTC,SE331,,,IT004SE104,2,0
951,SE332,Chuyên đề cơ sở dữ liệu nâng cao,Advanced Database,,CNPM,CN,SE326,,,IT004,2,0
952,SE333,Chuyên đề E-Government,E-Government,,CNPM,CN,,SE404,,,2,0
953,SE334,Các phương pháp lập trình,Programming Paradigms,,CNPM,CN,SE103,,,IT001,2,1
954,SE335,Công nghệ XML và ứng dụng,XML technology and applications,,CNPM,CN,,,,,3,1
955,SE336,Phương pháp luận sáng tạo KH-CN,Scientific methodology and innovation,,CNPM,CN,,CS519,,,2,0
956,SE337,Các thuật toán thông minh,Intelligent Algorithms,,CNPM,CN,,SE313,,,1,0
957,SE338,Logic mờ,Fuzzy logic,,CNPM,CN,SE342,CS405,,,2,0
958,SE339,Xử lý phân bổ,Distributed computing,,CNPM,CN,,,,,2,1
959,SE340,Quản lý dự án công nghệ thông tin,Information-technology project management,,CNPM,CN,SE210,IS208,,IT001,3,1
960,SE341,Công nghệ Web và ứng dụng,Web technology and applications,,CNPM,CN,,,,IT001IT002IT004,2,0
961,SE342,Logic mờ,Fuzzy logic,,CNPM,CN,,,,,2,0
962,SE343,Công nghệ Portal,Portal Technology,,CNPM,CNTC,SE343,,,SE347,3,0
963,SE344,Lập trình game trong các thiết bị di động,Mobile Game Programming,,CNPM,CNTC,SE344,,,IT001SE346,3,1
964,SE345,Kỹ thuật lập trình nhúng,Embedded programming techniques,,CNPM,CN,,,,,3,1
965,SE346,Lập trình trên thiết bị di động,Mobile Device Application Development,,CNPM,CN,,,,IT001IT008,3,1
966,SE347,Công nghệ web và ứng dụng,Web Technologies and Applications,,CNPM,CNTC,,SE341,,IT001IT002IT004,3,1
967,SE348,Chuyên đề M-commerce,M-Commerce,,CNPM,ĐC,,,,SE331,2,0
968,SE349,Nhập môn Quản trị doanh nghiệp,Introduction to business administration,,CNPM,CN,ITEM1,IE202,,,2,0
969,SE350,Chuyên đề E-learning,E-Learning,,CNPM,ĐC,,,,,2,0
970,SE351,Xử lý song song,Parallel Processing,,CNPM,CN,,,,IT001IT002IT003,3,1
971,SE352,Phát triển ứng dụng VR,VR App Development,,CNPM,CNTC,,,,SE102,2,1
972,SE354,Chuyên đề các quy trình phát triển phần mềm hiện đại,Special Topics in Modern Software Development Processes,,CNPM,CNTC,,,,,2,1
973,SE355,Máy học và các công cụ,Machine Learning and Tools,,CNPM,CN,,,,IT003,2,1
974,SE356,Kiến trúc phần mềm,Software Architecture,,CNPM,CNTC,,,,SE104SE100,3,1
975,SE357,Kỹ thuật phân tích yêu cầu,Requirements Engineering,,CNPM,CNTC,,,,SE104,2,1
976,SE358,Quản lý dự án phát triển phần mềm,Software Development Project Management,,CNPM,CN,,,,SE104,3,1
977,SE359,DevOps trong phát triển phần mềm,DevOps in Software Developing,,CNPM,CSN,,,,,2,1
978,SE360,Điện toán đám mây và phát triển ứng dụng hướng dịch vụ,Cloud Computing and Building Cloud-Native Applications,,CNPM,CSN,,,,,3,1
979,SE361,Phát triển phần mềm theo kiến trúc Microservices,Microservices Software Development,,CNPM,CSN,,,,IT002IT004,3,1
980,SE362,An toàn phần mềm và hệ thống,Software and Systems Security,,CNPM,CN,,,,,3,1
981,SE363,Phát triển ứng dụng trên nền tảng dữ liệu lớn,Application Development on Big Data Platforms,,CNPM,CN,,,,,3,1
982,SE364,Thiết kế giao diện và trải nghiệm người dùng,UI/UX Design,,CNPM,CN,,,,IT001,3,1
983,SE365,Học sâu ứng dụng trong phát triển phần mềm,Applied Deep Learning in Software Engineering,,CNPM,CN,,,,,3,1
984,SE400,Seminar các vấn đề hiện đại của công nghệ phần mềm,Seminar on Modern Software Engineering,,CNPM,CĐTN,,,,SE100SE104,4,0
985,SE401,Mẫu thiết kế,Design Patterns,,CNPM,CĐTN,,,,SE100,3,0
986,SE402,Điện toán đám mây,Cloud computing,,CNPM,CĐTN,,IS402,,IT005IT008,2,0
987,SE403,Nguyên lý thiết kế thế giới ảo,Virtual World Design,,CNPM,CĐTN,,,,,4,0
988,SE404,Chuyên đề E-Government,E-Government,,CNPM,CĐTN,SE333,,,,2,0
989,SE405,Chuyên đề mobile and pervasive computing,Mobile Pervasive Computing,,CNPM,CĐTN,,,,SE114,3,0
990,SE406,Mẫu thiết kế hướng đối tượng,Object-Oriented Design Patterns,,CNPM,CĐTN,,,,SE100,4,0
991,SE407,Chuyên đề pervasive and mobile computing,Pervasive Mobile Computing,,CNPM,CĐTN,,,,SE114,4,0
992,SE408,Phát triển game với blockchain,Blockchain-Based Game Development,,CNPM,CĐTN,,,,,3,1
993,SE409,Phát triển dự án game,Game Project Development,,CNPM,CN,,,,,3,1
994,SE417,Đồ án môn học mã nguồn mở,Open Source Project,,CNPM,ĐA,,SE111,,,2,0
995,SE418,Đồ án môn học chuyên ngành,Specialized Project,,CNPM,ĐA,,SE112,,,3,0
996,SE501,Thực tập tốt nghiệp,Internship,,CNPM,TTTN,,,,,2,0
997,SE502,Thực tập,Internship,,CNPM,TTTN,,,,,2,0
998,SE503,Đồ án,Major Project,,CNPM,CN,,,,,2,0
999,SE505,Khóa luận tốt nghiệp,Thesis,,CNPM,KLTN,,,,SE122,10,0
1000,SE506,Đồ án tốt nghiệp tại doanh nghiệp,Industry Capstone Project,,CNPM,KLTN,,,,SE122,10,0
1001,SE507,Đồ án tốt nghiệp,Capstone Project,,CNPM,ĐA,,,,SE122,6,0
1002,SMET1,Phương pháp NCKH trong tin học,Scientific Research Methodology in Informatics,,PĐTĐH,ĐC,SMET1,CS519SS005,,,2,0
1003,SMET2,Phương pháp luận sáng tạo KH-CN,Scientific Method and Innovation,,PĐTĐH,ĐC,SMET2,CS519SS005,,,2,0
1004,SOCI1,Chủ nghĩa xã hội khoa học,Scientific socialism,,P.ĐTĐH,ĐC,,,,,3,0
1005,SP3724,Kỹ năng giao tiếp,Communication Skills,,HTTT,ĐC,,,,,3,0
1006,SPCH2713,Kỹ năng giao tiếp,Introduction to Speech Communication,,HTTT,ĐC,,,,,2,0
1007,SPCH3723,Tiếng Anh chuyên ngành công nghệ thông tin,English for Computer Science,,HTTT,ĐC,,,,,3,0
1008,SPCH3724,Kỹ năng giao tiếp,Communication skills,,HTTT,ĐC,SP3724,SPCH2713,,,3,0
1009,SS001,Những nguyên lý cơ bản của chủ nghĩa Mác Lênin,Fundamental principles of Marxism-Leninism,,PĐTĐH,ĐC,PHIL1,,,,5,0
1010,SS002,Đường lối cách mạng của Đảng CS Việt Nam,The revolutionary way of the communist party of Vietnam,,PĐTĐH,ĐC,VCPL1,SS010,,,3,0
1011,SS003,Tư tưởng Hồ Chí Minh,Ho Chi Minh Thought,,PĐTĐH,LLCT,HCMT1,,,,2,0
1012,SS004,Kỹ năng nghề nghiệp,Professional Skills,,PĐTĐH,ĐC,,,,,2,0
1013,SS005,Phương pháp luận sáng tạo KH-CN,Scientific methodology and innovation,,PĐTĐH,ĐC,SE336,SMET1SMET2CS519,,,2,0
1014,SS006,Pháp luật đại cương,Introduction to Law,,P.ĐTĐH,ĐC,,,,,2,0
1015,SS007,Triết học Mác – Lênin,Philosophy of Marxism and Leninism,,PĐTĐH,LLCT,,,,,3,0
1016,SS008,Kinh tế chính trị Mác – Lênin,Political Economics of Marxism and Leninism,,PĐTĐH,LLCT,,,,,2,0
1017,SS009,Chủ nghĩa xã hội khoa học,Scientific Socialism,,PĐTĐH,LLCT,,,,,2,0
1018,SS010,Lịch sử Đảng Cộng sản Việt Nam,History of Vietnamese Communist Party,,PĐTĐH,LLCT,,,,,2,0
1019,SSKL1,Kỹ năng mềm,Soft skills,,P.ĐTĐH,ĐC,,,,,2,0
1020,STA01,Xác suất thống kê,Statistics,,BMAV,ĐC,,MA005,,,3,0
1021,STAT11,Xác xuất thống kê,Statistics,,HTTT,ĐC,,,,,3,0
1022,STAT3013,Phân tích thống kê,Intermediate Statistical Analysis,,HTTT,CS,,,,STAT4033,3,0
1023,STAT4033,Thống kê,Statistics,,HTTT,ĐC,,,,MATH3013,3,0
1024,THU086,Đào tạo năng lực thông tin,Information Literacy Training,,PĐTĐH,CN,,,,,2,0
1025,THU107,Truyền thông xã hội trong các tổ chức,Social Media in Organizations,,PĐTĐH,CN,,,,,2,0
1026,TLH025,Tâm lý học nhân cách,Personality Psychology,,PĐTĐH,CN,,,,,3,0
1027,TLH085,Giáo dục cảm xúc xã hội,Social-Emotional Learning,,P.ĐTĐH,TUCHON,,,,,3,0
1028,TOEIC 450,TOEIC 450,TOEIC 450,,TTNN,ĐC,,,,,0,0
1029,TOEIC450,TOEIC 450,TOEIC 450,,TTNN,ĐC,,,,,0,0
1030,VCPH1,Lịch sử Đảng CSVN,History of the Communist Party of Vietnam,,P.ĐTĐH,ĐC,,,,,3,0
1031,VCPL1,Đường lối cách mạng của Đảng CSVN,Revolution Directions of Vietnam Communist Party,,TTNN,ĐC,,SS002,,,3,0
1032,WINP1,Lập trình trên Windows,Windows Programming,,CNPM,ĐC,,IT008,,,3,1
